date,year,month,weekday,electricity_kwh,diesel_liters,explosives_kg,coal_output_tonnes,equipment_hours,waste_tons,methane_emission_kg,renewable_share_percent,trees_planted,rainfall_mm,temperature_c,humidity_percent,diesel_price_rs_per_l,power_cost_rs_per_kwh,employees_present,employee_commute_km,transport_distance_km,avg_truck_load_ton,revenue_rs,operational_cost_rs,co2e_tons,co2e_net_after_offset_tons,emission_intensity_tons_per_tonne_coal,offset_absorption_tons_per_day,offset_ratio,green_cover_hectares,lpg_kg,transport_tkm
2023-01-01,2023,1,6,12637.986436491445,3389.0318959402653,117,2982.361035214544,155,120,145.87635498332006,17.0,5,9,24.2,59,105.54,7.23,576,3456,12596,28.8,8570352,627139,14.7741,14.4891,0.005735,0.284932,0.019286,40,6.634413941778695,32447296
2023-01-02,2023,1,0,17559.787379988073,3807.469326965703,175,2838.7449416146887,252,175,98.40412005597264,17.0,3,3,21.6,46,102.41,8.1,608,4864,9722,30.7,7017176,636868,21.8593,21.5743,0.008236,0.284932,0.013035,40,13.909843737614876,25802188
2023-01-03,2023,1,1,16450.460874119097,3912.3080974274494,178,2703.931923493858,219,204,61.34235188336805,18.0,4,23,40.6,54,108.6,6.83,623,7476,12480,25.8,9452908,741338,19.4837,19.1988,0.007016,0.284932,0.014624,40,8.187410645382394,34656960
2023-01-04,2023,1,2,15689.19662960382,3929.696049112183,147,2280.0945004594914,207,155,96.8014277998492,20.0,1,30,24.8,66,92.05,6.58,547,3829,12180,30.8,5257142,765362,20.2251,19.9401,0.009333,0.284932,0.014088,40,11.697818669806836,26394060
2023-01-05,2023,1,3,16469.010867772853,3858.0143887318586,170,2847.572264338304,244,145,106.24521648006343,14.0,5,15,27.3,61,85.09,8.62,577,4039,11665,20.4,9264501,576512,23.0631,22.7781,0.008118,0.284932,0.012354,40,9.50082906684351,33140265
2023-01-06,2023,1,4,15839.42986203662,3821.401503455141,178,2361.453358469643,215,116,69.92190294257352,16.0,4,15,22.2,47,88.62,7.72,617,6170,10325,22.6,7362387,554913,20.8237,20.5387,0.009342,0.284932,0.013683,40,6.925008676969604,23014425
2023-01-07,2023,1,5,13081.56788184872,3265.845106972057,127,2568.8680442988966,182,116,106.53279191833816,18.0,2,8,36.8,54,80.79,6.61,573,3438,10932,20.4,7042729,704869,16.6614,16.3765,0.007123,0.284932,0.017101,40,13.990970919545118,25569948
2023-01-08,2023,1,6,10930.462714888024,2633.1236138292315,111,1863.5260775850045,135,64,36.581920691622486,15.0,2,8,36.3,45,107.9,7.83,621,2235,8406,28.2,4806300,542368,13.6958,13.4109,0.007908,0.284932,0.020804,40,7.154322796669542,14559192
2023-01-09,2023,1,0,15235.297845298748,4117.782079445749,155,2595.9765202449157,226,92,98.52716165946048,16.0,4,3,38.2,43,94.53,9.06,551,3306,11917,31.1,8057376,804283,19.3226,19.0377,0.007971,0.284932,0.014746,40,14.90574902899742,28886808
2023-01-10,2023,1,1,15962.02418722912,4057.8463252838874,157,2620.1793607998134,205,89,117.86634863470498,19.0,4,8,30.9,55,91.33,7.63,632,4424,15163,31.8,5533936,706215,20.6687,20.3838,0.008228,0.284932,0.013786,40,11.821777969365453,38089456
2023-01-11,2023,1,2,15977.412339026174,4262.957265520015,153,2609.8124376135147,193,92,85.67566083074671,16.0,3,19,20.7,58,104.18,9.44,645,6450,13649,28.2,6196608,747155,19.8595,19.5746,0.008358,0.284932,0.014347,40,10.865735771800855,32430024
2023-01-12,2023,1,3,15711.169841063222,3898.741186622784,152,2380.417307445,198,94,113.25424989589916,16.0,0,26,22.3,52,97.3,7.6,642,5136,12425,24.8,6653064,821785,19.7608,19.4759,0.008625,0.284932,0.014419,40,11.802972075994935,28465675
2023-01-13,2023,1,4,13677.418438686936,3155.0775640148404,144,1781.355174841232,217,69,50.24840371510112,15.0,2,14,37.5,52,96.32,7.16,573,4011,7621,29.2,5716896,734980,17.3823,17.0974,0.009614,0.284932,0.016392,40,9.066543249540064,13778768
2023-01-14,2023,1,5,11494.358015391315,3008.360135711136,141,2564.285522375332,190,175,59.24417841452443,17.0,4,6,19.7,43,105.6,8.67,563,2702,11159,29.6,7715687,606025,15.7588,15.4739,0.006068,0.284932,0.018081,40,14.945430525656398,28979923
2023-01-15,2023,1,6,12009.391140622918,3266.0117567271705,132,2983.4488122906464,198,208,80.77369224528651,20.0,2,5,33.1,59,86.52,7.69,574,2410,14578,29.7,9619659,585240,15.6206,15.3356,0.005422,0.284932,0.018241,40,8.33131606831003,41999218
2023-01-16,2023,1,0,16983.404523747755,4272.361913076844,177,2839.097945479205,223,186,92.9653116805185,17.0,5,13,27.3,49,87.59,8.04,650,7800,10701,28.7,6862950,842971,21.1386,20.8537,0.007777,0.284932,0.013479,40,5.713573240983356,29085318
2023-01-17,2023,1,1,14369.827229841943,3605.715319246882,159,2369.043900483388,195,97,80.32380606789171,19.0,3,17,27.9,48,82.17,7.69,620,4340,9948,28.0,5167940,521447,18.7722,18.4873,0.008057,0.284932,0.015178,40,6.721076342431437,23178840
2023-01-18,2023,1,2,16522.50755489429,3907.7330878292,172,2554.777883168132,215,93,124.81972321231218,18.0,2,30,27.2,61,88.28,8.13,576,6336,11819,27.9,6583572,634605,21.718,21.433,0.008557,0.284932,0.01312,40,8.59552908859916,29996622
2023-01-19,2023,1,3,14707.97033145904,3840.9514985537,176,2194.509127617567,234,104,50.76454849428589,14.0,1,14,37.8,55,96.34,8.68,544,5440,8998,29.5,6243675,630594,17.7638,17.4789,0.008561,0.284932,0.01604,40,7.441484286237975,18670850
2023-01-20,2023,1,4,18149.16770557986,4497.746069589346,159,2703.8991041398344,192,181,132.64857628719292,17.0,4,12,18.7,44,106.51,8.74,613,6130,8223,20.8,7335279,871034,19.7907,19.5057,0.008669,0.284932,0.014397,40,13.685331858169798,18773109
2023-01-21,2023,1,5,11146.578887597214,3188.756269939892,145,2631.1450571247838,153,137,69.55900725732185,16.0,1,28,22.8,61,104.13,7.71,591,2127,14331,27.7,7000020,559182,16.9883,16.7034,0.006509,0.284932,0.016772,40,11.317549261190116,37403910
2023-01-22,2023,1,6,12295.899115079515,3291.600860010368,138,3135.490009333986,179,199,108.22596580573186,16.0,4,17,41.2,54,100.49,7.12,631,2650,18296,22.3,7140075,654010,16.2877,16.0028,0.005304,0.284932,0.017494,40,14.926317452575766,56187016
2023-01-23,2023,1,0,17157.449587888015,4376.242277254195,175,3026.071288305334,244,182,87.41058742009905,17.0,4,23,33.9,57,93.74,7.75,599,5391,10621,30.7,7325252,890909,21.5674,21.2825,0.007417,0.284932,0.013211,40,6.739095049952076,30885868
2023-01-24,2023,1,1,14375.653416460023,3731.444920160541,151,2112.0427546828005,208,110,83.63477574934397,17.0,5,0,29.6,53,87.16,8.62,546,6006,9352,20.8,5635875,576741,18.1075,17.8225,0.009076,0.284932,0.015736,40,14.586962544788678,18657240
2023-01-25,2023,1,2,16037.349021220649,3976.427146816469,189,2797.359221538881,239,89,78.05602654369429,18.0,4,17,24.4,48,104.42,6.74,639,7029,10285,25.8,9276696,862362,21.2089,20.924,0.007997,0.284932,0.013435,40,9.484809377526108,27275820
2023-01-26,2023,1,3,16087.36940668286,3924.526986728773,196,2903.2690488681706,260,160,134.24929241148266,16.0,1,11,29.5,56,94.39,7.64,633,5697,16832,30.2,8397012,820810,22.4311,22.1462,0.007918,0.284932,0.012703,40,10.06156361208538,47685056
2023-01-27,2023,1,4,18701.353349249905,4691.350140480872,199,3465.2571316468498,220,132,162.2817888688815,18.0,2,29,38.9,48,107.39,6.56,663,7956,20175,29.3,7530253,887231,25.0006,24.7157,0.007805,0.284932,0.011397,40,7.738851045370978,64620525
2023-01-28,2023,1,5,12313.539003800326,3202.502691311998,140,2812.277371556844,171,201,134.2818776015108,18.0,4,21,26.2,45,91.81,7.26,601,3245,14974,23.2,8786736,697706,15.5659,15.281,0.006043,0.284932,0.018305,40,7.721210669280815,38573024
2023-01-29,2023,1,6,12156.015788367986,3007.6468351174963,126,2603.963956543297,164,119,75.31184098679124,19.0,2,1,19.3,48,96.53,8.42,641,3461,9233,28.6,5990250,704615,14.8454,14.5605,0.006505,0.284932,0.019193,40,8.950945304187941,21069706
2023-01-30,2023,1,0,17525.302272663434,4327.424108843691,202,3073.4145285207323,263,137,102.04908713562304,14.0,0,23,27.0,62,99.65,8.93,606,7272,15384,27.9,7688996,766109,21.5322,21.2472,0.007606,0.284932,0.013233,40,13.807208275754355,43552104
2023-01-31,2023,1,1,14897.068358016686,4057.668745150259,196,2762.07641959388,253,202,66.06894684498035,15.0,2,14,19.5,62,98.03,7.2,572,3432,13462,26.0,6778420,889786,21.5249,21.2399,0.007685,0.284932,0.013237,40,7.847023095585962,37707062
2023-02-01,2023,2,2,18079.65167407296,4681.030763812651,209,3150.017864434413,269,162,146.10851593062637,15.0,1,14,33.8,56,89.42,8.98,627,6270,16364,27.1,8222361,809787,23.5729,23.2879,0.007646,0.284932,0.012087,40,8.753860210543921,50450212
2023-02-02,2023,2,3,18138.356743410543,4810.630909854319,182,3768.054207998431,232,119,85.78952513775258,20.0,5,8,35.9,58,81.98,7.07,573,6876,16920,26.9,11248532,574998,23.8926,23.6077,0.007065,0.284932,0.011925,40,11.13310333563116,57223440
2023-02-03,2023,2,4,15657.347516667023,4425.941957779583,195,2858.535294091269,233,199,103.13742990454637,20.0,5,28,23.7,47,82.78,8.15,647,7117,10822,21.4,7248649,570854,19.5616,19.2767,0.007429,0.284932,0.014566,40,11.93721501549128,28494326
2023-02-04,2023,2,5,11136.896016626835,2963.239133625423,126,2028.072410846297,143,75,82.04176419281139,15.0,0,4,19.0,54,103.91,8.2,578,2080,9087,28.8,4503366,621640,14.5044,14.2195,0.007823,0.284932,0.019645,40,7.134294917638313,16847298
2023-02-05,2023,2,6,13296.789244124631,2957.6028030509005,121,2814.7025212051035,175,159,132.4318587273499,19.0,4,10,38.8,54,96.56,8.43,559,4024,15110,24.0,8952554,753436,15.7788,15.4939,0.005892,0.284932,0.018058,40,14.76037476589003,40464580
2023-02-06,2023,2,0,16856.670738551446,4120.319049062645,181,2623.323920067365,235,166,100.5780317179978,17.0,0,26,33.2,65,106.78,7.89,579,5211,10513,29.1,7898660,702182,22.0576,21.7727,0.008718,0.284932,0.012918,40,9.923705645495176,26597890
2023-02-07,2023,2,1,15666.584258585985,3638.5487092286767,149,2325.2626840470475,202,68,51.78532615126613,17.0,2,4,38.2,48,92.69,9.49,561,6732,9322,29.2,7360060,867258,20.473,20.1881,0.00894,0.284932,0.013917,40,13.88279465573226,21347380
2023-02-08,2023,2,2,16585.952026291503,4042.514101531605,145,2363.536110427211,203,76,91.0720336127916,18.0,4,1,41.4,46,96.35,7.79,585,7020,12825,29.1,6452800,801232,19.6102,19.3253,0.008996,0.284932,0.01453,40,10.657232434682854,27958500
2023-02-09,2023,2,3,14938.566532123332,3529.473647469272,143,2264.409936774131,232,127,89.64827416199401,14.0,2,24,23.1,50,104.41,7.35,560,6160,8813,21.5,6198389,684181,17.5093,17.2244,0.008155,0.284932,0.016273,40,13.045569235866152,18921511
2023-02-10,2023,2,4,17785.057100086597,4555.9234353796965,201,3086.513989021044,235,104,64.61130862398204,20.0,2,9,32.8,53,98.49,8.01,656,6560,11916,24.3,9024658,821046,20.5099,20.225,0.007038,0.284932,0.013892,40,10.766659661462654,34723224
2023-02-11,2023,2,5,12164.54150447294,3507.73490617506,126,3095.97079097534,156,154,80.81008505257668,14.0,1,1,20.3,43,96.96,7.48,581,3137,10439,25.6,10298450,677632,16.0465,15.7616,0.005439,0.284932,0.017757,40,7.225937371429016,30795050
2023-02-12,2023,2,6,13258.127193452972,3382.421562436677,151,3019.370695377097,174,112,97.5739183425274,20.0,4,30,19.5,64,97.01,8.0,646,3100,17139,21.6,6887305,607386,16.0032,15.7183,0.005746,0.284932,0.017805,40,13.785564128408785,47732115
2023-02-13,2023,2,0,16497.141934927957,4269.256841920255,161,2586.998921197191,203,126,90.95744367250956,17.0,4,11,20.9,47,103.82,7.24,624,6864,8782,22.1,6418304,781320,21.4688,21.1839,0.008777,0.284932,0.013272,40,5.896651696529317,21480772
2023-02-14,2023,2,1,17456.388029062084,4405.102606786978,184,2599.7944170704486,190,148,76.62551966102376,19.0,1,18,20.4,64,109.44,7.1,566,6792,15256,31.9,7386250,779750,20.7636,20.4787,0.008743,0.284932,0.013723,40,12.969375271856851,36233000
2023-02-15,2023,2,2,15286.558421611822,3450.271987514196,144,2268.611517880757,224,151,52.11675108644983,18.0,1,13,25.3,53,104.65,9.22,555,3330,9497,23.3,7303800,839277,17.9254,17.6405,0.008075,0.284932,0.015895,40,9.252200756258262,21083340
2023-02-16,2023,2,3,18195.423557304923,4379.045695026579,194,3417.2767304209474,255,229,83.63964025505815,17.0,4,15,31.6,47,101.72,9.21,579,3474,18537,31.0,7849270,937552,23.062,22.777,0.007331,0.284932,0.012355,40,14.470479796016772,58317402
2023-02-17,2023,2,4,17363.500785814496,4095.939421540724,187,2960.702285001231,235,193,107.80048775841183,17.0,4,10,18.4,51,103.12,9.21,607,3642,13328,25.0,6914417,736030,20.392,20.107,0.0075,0.284932,0.013973,40,9.180411543747352,36238832
2023-02-18,2023,2,5,11161.696810931744,2922.541180984337,139,2456.2416634834826,173,82,60.57058523896344,20.0,2,3,33.5,54,97.39,9.34,608,2553,8713,24.4,6754944,487592,13.6696,13.3847,0.005812,0.284932,0.020844,40,13.764226386125127,20492976
2023-02-19,2023,2,6,13542.389707257114,3485.825060069311,161,3576.8814693009026,195,121,131.16620056225662,14.0,1,1,41.1,47,99.38,8.57,571,3426,16337,22.8,11806096,767677,17.4811,17.1962,0.005088,0.284932,0.016299,40,12.97346252628432,56133932
2023-02-20,2023,2,0,15717.27960590775,3597.02207229703,156,2422.804882888129,206,130,85.38519411059487,20.0,5,27,36.3,58,93.88,8.37,562,5058,11649,24.4,7304860,573563,18.1702,17.8853,0.008004,0.284932,0.015681,40,13.654921387338293,26443230
2023-02-21,2023,2,1,13506.420560912218,3406.786345014912,143,1929.9621069780503,221,129,70.70267592821708,20.0,2,4,29.4,61,83.87,7.62,633,6963,8442,30.5,3920268,649563,16.6397,16.3547,0.009525,0.284932,0.017124,40,14.117483201401727,14748174
2023-02-22,2023,2,2,14419.213346646846,4013.127205689832,149,2014.793628525034,185,120,56.25587173751388,20.0,1,23,22.0,51,81.13,7.02,546,3276,7437,27.8,6676168,590525,20.9832,20.6983,0.01085,0.284932,0.013579,40,14.876675974136027,14383158
2023-02-23,2023,2,3,16699.05943936745,4113.327644366243,190,2886.4987425102963,214,221,72.08523438306126,20.0,1,19,24.8,52,105.08,9.33,560,5040,17521,31.5,6985076,935012,21.3655,21.0805,0.007622,0.284932,0.013336,40,5.684864374472506,49111363
2023-02-24,2023,2,4,14652.418625113296,3451.0622134916616,152,2335.3251562025816,234,155,107.97967630673767,19.0,2,29,38.1,57,84.06,7.38,631,7572,10622,29.2,6701828,761770,18.2826,17.9976,0.008288,0.284932,0.015585,40,6.381465048214482,23432132
2023-02-25,2023,2,5,12664.51576244154,3345.937015290632,132,3023.4370620096074,151,193,114.15350288062164,16.0,3,11,32.7,46,97.55,8.34,635,3048,13585,25.2,6902442,711613,14.6044,14.3195,0.005251,0.284932,0.01951,40,10.431792594712697,37779885
2023-02-26,2023,2,6,12640.384908134189,2796.091234867761,144,2744.3479871840264,176,146,57.3445848068304,17.0,5,11,30.8,61,103.13,6.96,597,3582,9884,30.3,6643720,575357,16.7462,16.4613,0.006249,0.284932,0.017015,40,12.285375952263609,26489120
2023-02-27,2023,2,0,14718.387704950512,4114.983167990035,157,2423.1163909312486,210,145,97.91456109002824,18.0,3,14,34.6,53,107.06,7.89,589,4712,12528,24.6,5733592,742828,19.5124,19.2275,0.008664,0.284932,0.014603,40,6.484864315034432,28213056
2023-02-28,2023,2,1,16524.745205636606,4094.035690819023,163,2694.3288311557208,204,171,122.28574214922814,15.0,1,26,34.1,52,89.35,6.78,613,5517,14954,23.3,8259268,758892,23.5122,23.2273,0.008819,0.284932,0.012118,40,6.5741695110047935,39867364
2023-03-01,2023,3,2,17461.867667760824,5329.022987697196,189,3769.489214598572,221,159,184.77888306855743,20.0,0,8,27.7,59,104.0,6.99,595,3570,9423,26.7,6492096,737243,22.7032,22.4183,0.008561,0.284932,0.01255,40,9.921825418822516,24989796
2023-03-02,2023,3,3,17094.37455955108,5848.119473675978,183,3541.015885646674,213,172,121.60479738116136,14.0,3,30,19.4,54,97.46,9.0,605,4840,11745,24.7,5510838,664202,21.5037,21.2188,0.008791,0.284932,0.01325,40,5.173163271720103,28728270
2023-03-03,2023,3,4,14375.960663635482,5191.714844139821,160,3504.5535428586654,218,121,169.0081762566872,17.0,4,5,35.9,57,86.08,7.68,554,3878,15905,30.3,6205248,587994,19.624,19.3391,0.007571,0.284932,0.01452,40,12.749716257871798,41225760
2023-03-04,2023,3,5,12197.328976053856,4221.992993140243,156,3765.074409797228,159,152,123.03344186733187,16.0,1,15,20.9,56,94.27,9.16,624,2246,14009,31.4,6879706,533574,16.2238,15.9389,0.00541,0.284932,0.017563,40,14.530366101608749,42012991
2023-03-05,2023,3,6,9872.300814352944,3570.9634316896395,96,2462.694491428864,159,84,69.11341928981346,19.0,4,8,20.0,46,93.08,7.26,542,2601,10303,30.0,4324842,592878,13.6428,13.3579,0.007814,0.284932,0.020885,40,13.29193061220898,17989038
2023-03-06,2023,3,0,16935.197806326454,5877.637695054636,199,4139.763616654956,260,119,166.6402470095656,20.0,3,22,40.5,52,109.44,8.5,576,4608,18063,20.5,9963490,950676,22.6165,22.3315,0.007168,0.284932,0.012598,40,11.012191113307654,56988765
2023-03-07,2023,3,1,16298.306693062768,5384.313182123857,189,3813.918341267676,250,108,136.05792054841504,15.0,3,2,35.2,59,92.47,9.16,618,6798,12913,31.4,6779998,817420,19.7378,19.4528,0.007412,0.284932,0.014436,40,8.599747738691619,34387319
2023-03-08,2023,3,2,15488.664701622924,5260.281004078286,183,3771.373983506464,209,104,112.85550935492827,19.0,3,21,20.5,55,101.97,7.34,574,5740,16960,23.1,6182880,784938,19.2516,18.9667,0.007292,0.284932,0.0148,40,12.028736269678902,44774400
2023-03-09,2023,3,3,16481.97788371347,5156.84701641172,183,3840.310249060334,234,187,98.72262851054845,14.0,1,12,19.2,59,93.02,7.62,558,5580,15597,24.9,7120645,795022,21.3737,21.0888,0.007849,0.284932,0.013331,40,11.420584456037206,42470631
2023-03-10,2023,3,4,15033.64927728029,5860.394273345324,150,3516.8175651568827,191,134,134.9800650790293,17.0,2,1,27.5,48,106.35,8.71,563,6756,14535,23.3,5642538,705765,20.2516,19.9667,0.008449,0.284932,0.01407,40,12.66134127811478,34840395
2023-03-11,2023,3,5,13561.689303133217,4440.892846391701,151,4086.787813189234,190,114,152.77711451174704,18.0,0,10,20.6,54,86.05,7.03,655,2358,12216,26.2,6128746,507679,16.857,16.5721,0.006059,0.284932,0.016903,40,5.654135576889063,33984912
2023-03-12,2023,3,6,11357.40551340675,3593.725461172938,141,3600.3220777834467,171,114,78.15268675100197,18.0,2,23,24.3,65,101.16,8.91,586,2461,10421,28.0,6544944,710294,15.5921,15.3072,0.005737,0.284932,0.018274,40,11.629005693811834,28324278
2023-03-13,2023,3,0,17193.331783375932,5384.3534499526,190,4171.223708426028,263,136,106.59947744732962,20.0,1,21,34.4,60,103.11,6.67,615,3690,14210,27.0,9605444,616313,20.5688,20.2839,0.006827,0.284932,0.013853,40,10.910857700149446,42814730
2023-03-14,2023,3,1,14404.982081915108,4533.523670375416,171,2969.5940723856643,196,176,95.37191697499054,15.0,3,21,21.8,64,104.32,8.14,595,6545,8000,22.8,6589427,605990,20.8536,20.5687,0.009174,0.284932,0.013663,40,10.003223054489112,18184000
2023-03-15,2023,3,2,14442.934607901658,5703.226764779359,178,3596.337884387596,232,204,78.26777395015425,19.0,4,5,19.8,54,105.25,8.27,592,4144,11779,22.2,6362717,772778,21.189,20.9041,0.007816,0.284932,0.013447,40,8.62501389321833,31932869
2023-03-16,2023,3,3,17172.799364846844,5952.992886597936,193,3821.109747980305,238,215,180.48046042121,15.0,1,2,25.5,57,95.41,8.6,639,6390,12639,23.0,6571750,636390,21.5769,21.292,0.007962,0.284932,0.013205,40,14.775549437052346,34251690
2023-03-17,2023,3,4,14439.88604741851,4695.981744044777,151,2896.000541400677,214,148,85.5118270098625,20.0,3,27,19.8,63,109.33,7.59,552,6624,8453,30.7,6270752,676291,17.0525,16.7676,0.008392,0.284932,0.016709,40,11.869692736288222,17176496
2023-03-18,2023,3,5,12247.62096323854,3731.51185513972,114,3631.483739270192,144,86,131.29321425251786,15.0,1,27,27.2,58,93.61,7.61,600,2520,15052,22.3,7676850,643176,13.0875,12.8026,0.0052,0.284932,0.021771,40,13.488973333282273,37885884
2023-03-19,2023,3,6,10515.841943016225,3346.614748408195,110,2988.366383500338,168,142,109.31441596761924,20.0,4,6,31.4,48,102.79,7.02,550,2310,8132,24.8,5622582,696324,13.6223,13.3374,0.006004,0.284932,0.020917,40,5.792665064112333,18451508
2023-03-20,2023,3,0,16818.929042298594,5660.170298770703,180,3743.22432553112,220,111,87.31804354011408,16.0,0,18,20.5,53,84.32,9.46,630,7560,14564,28.7,8234635,574869,19.3738,19.0888,0.007409,0.284932,0.014707,40,6.262972346326836,38084860
2023-03-21,2023,3,1,15726.239188986308,5045.022120399214,162,3767.2333730991577,217,148,167.7331914773054,19.0,1,4,38.1,46,99.82,6.68,634,3804,10488,28.2,8652995,651358,21.2607,20.9758,0.007634,0.284932,0.013402,40,13.057538158427905,29209080
2023-03-22,2023,3,2,17677.475344692837,5752.79020111011,170,3985.770384322254,220,168,81.86823916067011,20.0,0,15,19.8,62,90.73,8.26,591,5910,11210,27.7,5933653,779099,19.8574,19.5725,0.007553,0.284932,0.014349,40,9.45757466065479,29471090
2023-03-23,2023,3,3,15355.092606063532,5130.738920810554,175,2887.003754002222,201,142,143.34676037746885,14.0,1,29,28.8,61,93.17,8.73,546,4368,8731,27.3,5608990,568130,18.6712,18.3863,0.009271,0.284932,0.01526,40,5.396691267539988,17584234
2023-03-24,2023,3,4,15164.761996386213,5512.873148369505,162,3230.4402693822726,203,179,76.49983188815519,16.0,4,21,39.7,49,108.88,9.26,622,3732,9446,29.8,6864764,748278,22.3085,22.0236,0.009268,0.284932,0.012772,40,8.362730976461634,22736522
2023-03-25,2023,3,5,11145.919677368776,3785.6407602177705,107,3117.975871158979,135,169,69.67543846165316,20.0,3,4,41.1,50,98.89,9.25,585,2457,13763,25.8,5339928,718232,14.395,14.1101,0.006702,0.284932,0.019794,40,9.026085973714457,29562924
2023-03-26,2023,3,6,13118.262567895625,4203.735488995489,146,4091.3916711654606,180,161,116.8144960748686,14.0,2,20,30.5,54,108.78,7.25,623,2990,16740,28.9,8437238,520104,16.9848,16.6999,0.005987,0.284932,0.016776,40,8.733794176644487,47491380
2023-03-27,2023,3,0,15003.268399878005,5302.555276502932,179,3280.6052271361154,211,93,139.92446281281573,20.0,4,3,27.4,44,103.28,6.88,601,3606,14426,28.0,6694336,814195,20.8948,20.6099,0.008824,0.284932,0.013636,40,13.711894239889157,34160768
2023-03-28,2023,3,1,17463.123085058607,5339.660419964249,184,3982.6332747070114,207,88,146.59159284267292,16.0,1,12,39.5,52,93.49,7.79,637,3822,12768,28.3,6465168,707946,21.3843,21.0994,0.007356,0.284932,0.013324,40,12.898397324938111,37116576
2023-03-29,2023,3,2,18259.846649835592,6956.209971114891,192,5130.167990651767,229,106,102.19458148708698,14.0,1,2,21.6,41,85.51,6.83,618,3708,17834,25.3,7913528,833148,23.6638,23.3789,0.006734,0.284932,0.012041,40,13.794924774485963,62668676
2023-03-30,2023,3,3,16711.910975805094,5417.243770104133,151,3205.5330326151097,220,71,64.2330092413333,17.0,0,5,25.9,44,109.33,7.28,580,4060,11334,24.4,7275216,670918,19.2168,18.9318,0.009168,0.284932,0.014827,40,8.850776195190226,23756064
2023-03-31,2023,3,4,16010.697856991514,5823.580605959058,184,4272.481229593764,266,186,163.08209109805847,17.0,1,27,22.0,56,86.46,8.17,625,3750,16541,25.9,7122990,733724,22.2422,21.9573,0.007016,0.284932,0.01281,40,6.190253507508496,52434970
2023-04-01,2023,4,5,13461.467855691471,3122.23118755049,145,2989.8246666010173,160,124,81.89880328067973,16.0,1,6,33.2,57,81.28,7.22,630,3024,16766,28.7,8628928,604205,16.67,16.3851,0.00578,0.284932,0.017092,40,6.259056213841624,48353144
2023-04-02,2023,4,6,12377.560505810909,3206.642951757626,118,2550.724427187674,151,96,62.85152592659566,16.0,2,22,34.5,59,87.3,8.24,646,3488,11032,28.8,8281435,500379,15.7397,15.4548,0.006464,0.284932,0.018103,40,10.298155004630392,26862920
2023-04-03,2023,4,0,16010.482124631782,3997.736504551274,175,2513.5627377012597,204,91,95.39924582034485,16.0,1,13,25.4,55,106.54,6.65,580,5220,9465,27.2,5640648,789527,21.6012,21.3163,0.008911,0.284932,0.013191,40,8.186823072094471,22943160
2023-04-04,2023,4,1,16461.771104145282,4684.11913033626,173,2919.1765794339453,204,106,111.51166207368702,14.0,4,5,41.2,42,86.24,6.6,612,5508,12620,26.2,7009244,584416,22.8447,22.5597,0.00864,0.284932,0.012473,40,6.813082621766888,33367280
2023-04-05,2023,4,2,17868.43213634936,3876.0328240399335,152,2634.534970179094,223,183,64.20200654134604,17.0,4,13,26.2,57,84.18,6.57,605,7260,9930,30.1,7398257,629988,21.1217,20.8368,0.00903,0.284932,0.01349,40,13.601134840076815,23226270
2023-04-06,2023,4,3,15955.476228256686,3795.591540137873,174,2731.107489364856,214,77,122.87191158696692,18.0,1,14,21.9,61,101.63,8.45,567,4536,9981,25.0,7787325,565995,19.5704,19.2855,0.008004,0.284932,0.014559,40,12.435932979560349,24403545
2023-04-07,2023,4,4,15263.702351160586,4055.290442371176,186,2599.855346793258,208,148,83.58248999842961,16.0,5,19,23.0,61,88.75,9.18,557,5570,14343,24.6,8044692,782697,19.9724,19.6875,0.008449,0.284932,0.014266,40,13.399818763617734,33906852
2023-04-08,2023,4,5,11449.142861366592,2848.406710968361,122,2274.4995226670017,147,167,106.68189928720454,19.0,3,20,22.6,49,99.34,9.35,635,3810,14240,20.8,6181740,670999,14.6277,14.3427,0.006661,0.284932,0.019479,40,12.534519116728111,31271040
2023-04-09,2023,4,6,11089.692166919758,2662.153004707375,122,2172.5149884967445,144,88,72.96526214913379,15.0,0,21,37.8,58,95.79,7.07,600,4320,7876,23.0,5684546,709423,14.5276,14.2427,0.006872,0.284932,0.019613,40,13.138697153761033,16649864
2023-04-10,2023,4,0,17476.290046910275,4244.652970787076,172,2634.3876725299933,213,147,114.44197818245016,20.0,1,25,22.1,62,84.25,7.98,591,5910,8434,23.3,6636429,801800,21.0528,20.7679,0.008879,0.284932,0.013534,40,10.137628139876448,19997014
2023-04-11,2023,4,1,15526.043697605664,3798.3211173357295,169,2136.1061434156545,228,103,70.38745171713474,16.0,2,0,38.2,57,99.78,7.46,641,7051,12632,24.7,5622390,835832,20.8798,20.5949,0.009971,0.284932,0.013646,40,5.447675483919012,26451408
2023-04-12,2023,4,2,16882.569215278316,3973.826542167888,184,2482.958167873448,223,92,69.5846817509018,16.0,5,25,31.9,65,87.46,8.93,633,6963,8938,20.3,7647696,827496,18.8706,18.5856,0.008394,0.284932,0.015099,40,6.556202381992788,20092624
2023-04-13,2023,4,3,15570.182611075135,3776.539803642641,164,2616.161765435862,221,191,87.61771082034998,15.0,2,7,22.5,50,94.91,7.31,559,6708,15560,29.7,8408394,826803,21.5227,21.2378,0.00848,0.284932,0.013239,40,7.441355967663313,39491280
2023-04-14,2023,4,4,14011.030165532902,3869.6663899037744,177,2184.7199179541662,192,167,53.041757055231706,17.0,2,5,23.5,55,108.7,9.34,612,4284,8907,26.5,5354899,640447,17.9166,17.6317,0.008207,0.284932,0.015903,40,5.712726374683856,19443981
2023-04-15,2023,4,5,12007.424131266873,2747.7735965051265,134,2464.8398014092954,176,115,72.464840864616,16.0,3,13,23.5,63,91.12,9.2,624,2620,11884,26.1,6962044,578939,15.9592,15.6743,0.006703,0.284932,0.017854,40,10.298130541838033,28295804
2023-04-16,2023,4,6,11964.970599615706,3253.454155170309,127,2664.490333019264,172,86,67.29573058927895,19.0,4,4,18.7,44,88.1,9.25,561,2356,9761,30.4,6859538,691462,14.8026,14.5177,0.005842,0.284932,0.019249,40,7.541818416076391,24734374
2023-04-17,2023,4,0,14511.082462154936,3935.6663973455375,156,2443.1021306759426,246,176,82.61698026440385,14.0,5,16,25.9,56,106.89,8.71,617,6787,12613,31.6,8025804,886055,19.6195,19.3346,0.007898,0.284932,0.014523,40,14.935398017666778,31330692
2023-04-18,2023,4,1,16927.62401010734,4136.635961374162,181,3039.049876884794,233,160,77.11179736273547,15.0,4,3,19.4,48,84.73,7.46,562,5058,15719,23.6,7546371,642534,20.5717,20.2868,0.00715,0.284932,0.013851,40,5.377809779453326,45223563
2023-04-19,2023,4,2,15342.464403201977,4245.621451001631,165,2748.314724723414,228,184,96.80752645484772,16.0,1,28,35.9,54,105.56,8.41,620,6820,13227,23.0,7155141,657165,20.2102,19.9253,0.007494,0.284932,0.014098,40,13.716616147779984,35673219
2023-04-20,2023,4,3,14553.62086621635,4174.5772880524055,174,2500.7570446651557,212,101,72.1474242839332,19.0,5,28,32.5,66,101.45,7.58,580,3480,14112,27.3,8124579,784759,20.6695,20.3846,0.008769,0.284932,0.013785,40,12.250518029287974,33261984
2023-04-21,2023,4,4,15641.64162682736,4221.39340272212,151,2399.2490449478128,205,112,111.8763405077235,18.0,1,1,30.6,49,108.52,9.49,600,5400,9483,30.0,5809212,682778,17.2284,16.9435,0.007954,0.284932,0.016538,40,10.427286272957012,20540178
2023-04-22,2023,4,5,11774.094423515378,3195.58843177225,134,2627.3722012917688,148,116,123.22333853435164,18.0,5,11,38.5,53,83.46,7.51,643,4629,16185,30.1,8579560,510782,14.6576,14.3727,0.005826,0.284932,0.019439,40,12.884293978895652,40721460
2023-04-23,2023,4,6,12388.344154483026,2995.931232326177,138,2774.9732449325634,156,141,56.45020519670097,15.0,4,18,25.9,63,105.15,8.22,632,3792,13924,27.3,8532090,635611,17.8012,17.5162,0.006353,0.284932,0.016006,40,12.698482137670418,39015048
2023-04-24,2023,4,0,16549.347123679763,3937.708081805768,157,2598.798823404058,225,179,68.24912790228139,19.0,4,19,19.9,62,84.99,7.71,648,5184,14302,25.1,6211913,758557,21.0318,20.7468,0.00863,0.284932,0.013548,40,10.382688162243705,34853974
2023-04-25,2023,4,1,19324.021195930647,4376.513020171988,192,3339.422855126534,255,124,67.96654386281955,18.0,3,7,35.4,58,91.69,8.99,574,3444,14754,31.0,9115216,694319,22.886,22.6011,0.007763,0.284932,0.01245,40,14.982743595299729,43494792
2023-04-26,2023,4,2,16151.25282907324,4469.844401351768,187,2894.143108834642,204,133,102.95370742890032,17.0,2,5,40.1,51,97.61,9.0,602,4214,14768,22.0,8059568,746628,21.8111,21.5262,0.007837,0.284932,0.013064,40,12.509735570765397,41099344
2023-04-27,2023,4,3,15525.32696938803,4034.8262211380734,153,2637.120420340954,205,185,98.06591700540328,19.0,4,12,28.6,46,105.67,9.45,639,4473,9796,30.2,6679800,648126,20.3046,20.0196,0.008207,0.284932,0.014033,40,6.105933494300001,24235304
2023-04-28,2023,4,4,17975.172834940702,4368.510391638711,211,3339.2186569386204,244,124,166.36676582612344,16.0,3,9,23.0,43,103.97,8.55,655,6550,16906,30.8,10651586,657977,22.0423,21.7573,0.007131,0.284932,0.012927,40,8.594324428784432,52256446
2023-04-29,2023,4,5,10813.999286768329,2693.7381984702934,118,2468.0724381077744,175,81,106.49043514678216,18.0,2,1,18.5,53,86.98,7.05,579,3821,14200,22.0,5498664,648318,14.3247,14.0397,0.00606,0.284932,0.019891,40,9.94442706001398,33568800
2023-04-30,2023,4,6,11184.532773940977,3052.7721526569585,129,2764.07941387451,162,196,129.2090340897829,20.0,3,13,18.8,48,82.56,7.12,556,2668,17477,26.7,8103834,429281,16.9096,16.6247,0.00608,0.284932,0.01685,40,10.25057616263586,48603537
2023-05-01,2023,5,0,15554.44943696797,3982.033139066172,175,2681.37126758743,222,162,132.48450946189234,18.0,1,11,35.7,59,109.79,6.55,600,6600,15172,29.8,7580202,764149,23.6427,23.3578,0.008465,0.284932,0.012052,40,13.256186471721533,42375396
2023-05-02,2023,5,1,15423.738389343687,3828.2624464414152,155,2026.3057164753077,209,117,87.52500834599519,20.0,3,0,36.4,41,84.55,8.53,628,3768,11748,25.8,6904788,604173,21.1426,20.8577,0.010619,0.284932,0.013477,40,10.221133483242806,23390268
2023-05-03,2023,5,2,14881.563745845164,3538.32381341322,170,2183.664976184072,209,140,92.41985941526464,19.0,5,30,33.3,49,93.55,7.93,606,6060,10286,20.8,6456447,625223,19.8565,19.5715,0.00894,0.284932,0.01435,40,6.85879521571832,22845206
2023-05-04,2023,5,3,14218.43509143416,4143.780049601304,154,2215.0188891301923,205,108,50.73386344498979,20.0,2,30,33.9,48,81.35,6.63,592,4736,12521,27.9,6662844,631701,18.7462,18.4612,0.009136,0.284932,0.015199,40,10.75761134404071,25693092
2023-05-05,2023,5,4,14988.908702339908,4116.357016762005,162,2203.4846947578376,183,147,73.84768814368307,18.0,5,14,25.8,50,107.94,7.84,618,7416,12906,23.6,6024101,762735,18.6756,18.3906,0.009204,0.284932,0.015257,40,9.414277189066445,26186274
2023-05-06,2023,5,5,11878.404246998996,2962.764417822841,138,2843.6628841488155,155,108,132.28800168165313,20.0,1,0,31.4,58,106.16,7.58,647,4270,17128,22.1,9014885,749390,16.0298,15.7448,0.005966,0.284932,0.017775,40,13.118045761921262,46022936
2023-05-07,2023,5,6,11504.698781758883,2703.368304296258,118,2427.123863161721,172,151,114.11432268029792,18.0,3,17,24.5,64,87.32,8.8,610,3660,12331,28.0,7629188,444957,12.0323,11.7474,0.00544,0.284932,0.023681,40,11.76793388194319,27276172
2023-05-08,2023,5,0,13425.73359861439,3614.600922547275,159,2414.0192269402546,216,112,89.93404963110753,17.0,0,4,36.9,51,80.35,8.53,605,4840,11079,29.0,5908350,729244,20.5258,20.2409,0.008049,0.284932,0.013882,40,11.701792818418976,28251450
2023-05-09,2023,5,1,15375.37377870619,3669.398340362381,167,2385.8519436980137,196,168,101.72643452250873,20.0,4,19,33.7,62,98.97,7.94,605,4235,14281,29.8,6622525,682952,19.4765,19.1916,0.008561,0.284932,0.014629,40,10.739592228329856,32489275
2023-05-10,2023,5,2,17430.535212308936,4255.8644509794985,194,3326.5538565124143,237,94,140.90974302594128,17.0,2,21,32.3,50,95.35,9.05,566,6226,11194,22.5,9262242,808306,20.8744,20.5894,0.006802,0.284932,0.01365,40,7.501127097418231,34354386
2023-05-11,2023,5,3,14173.31650647004,3880.580936355301,173,2414.586232729277,241,132,71.409293160369,16.0,4,26,23.3,60,82.9,8.34,575,6900,12036,29.9,6514984,727365,21.7136,21.4287,0.008562,0.284932,0.013122,40,6.190721929810876,30523296
2023-05-12,2023,5,4,14139.33006184788,3611.0628541502656,156,2352.208726629802,186,118,58.41405263470906,14.0,3,29,33.4,62,84.37,6.94,588,7056,11676,28.0,7317475,642530,17.1385,16.8536,0.0076,0.284932,0.016625,40,5.707830215214504,26329380
2023-05-13,2023,5,5,12695.83407239539,3141.889384986064,126,2890.753264212675,179,148,100.92405411216322,20.0,0,16,21.1,63,103.1,7.66,568,2726,11342,23.4,7604163,596998,16.8154,16.5305,0.005991,0.284932,0.016945,40,11.775098549272457,31836994
2023-05-14,2023,5,6,11441.44110965586,2998.603627647363,142,2622.0186753989105,150,194,55.34328546242225,20.0,5,25,19.1,50,83.62,6.88,621,4098,11078,28.5,6149439,630511,15.009,14.7241,0.005977,0.284932,0.018984,40,9.886839412265088,27816858
2023-05-15,2023,5,0,14396.887863751512,3491.3211212431856,186,2379.101126903831,226,93,92.93363776968089,17.0,2,9,36.4,51,102.82,8.12,644,7084,9647,22.7,6892288,577271,19.2627,18.9778,0.007921,0.284932,0.014792,40,14.76948738230507,23461504
2023-05-16,2023,5,1,17552.575074578992,4075.850817037566,176,3208.489228840908,269,164,86.62920917870449,15.0,2,21,38.4,45,93.19,8.41,585,4095,15461,30.5,9564000,614948,21.3121,21.0271,0.007104,0.284932,0.013369,40,12.351662486044052,46383000
2023-05-17,2023,5,2,15334.7121697157,3588.6947636869545,176,2419.793257716949,210,134,76.91782692055594,17.0,1,29,22.8,62,99.04,7.43,631,7572,8602,24.7,6234384,616036,19.6478,19.3629,0.00844,0.284932,0.014502,40,13.696563367845982,20025456
2023-05-18,2023,5,3,18341.22383354024,4562.862835641578,171,3091.6324940923664,220,120,148.82419244225375,14.0,5,24,32.5,47,90.8,8.13,604,3624,13285,26.6,8532308,896616,22.0899,21.805,0.007762,0.284932,0.012899,40,10.117267966133014,37809110
2023-05-19,2023,5,4,17002.66067520885,4583.221026841947,167,2852.8898066000083,223,100,58.420951670989936,20.0,1,13,32.2,45,107.65,7.36,562,5620,13808,25.9,6953769,827542,21.3182,21.0333,0.008084,0.284932,0.013366,40,11.924922179430856,36411696
2023-05-20,2023,5,5,12205.622091784026,2758.6358699490984,141,2617.5528574353707,192,81,130.42960225334102,15.0,1,24,25.3,53,105.28,7.44,570,3078,11255,20.2,8604717,521291,14.5321,14.2472,0.005528,0.284932,0.019607,40,12.236940303316755,29589395
2023-05-21,2023,5,6,12021.002864327707,2512.734133871543,125,2388.909960483395,144,127,47.65905158071612,20.0,3,28,40.6,49,82.58,9.45,559,4024,15166,20.3,6130488,542069,14.0632,13.7783,0.005845,0.284932,0.020261,40,9.185851070818051,36489396
2023-05-22,2023,5,0,15181.015713605568,3936.3565389092287,150,2415.5463391526005,228,157,116.3863763936864,15.0,2,8,18.5,45,82.68,9.12,641,6410,9048,28.7,5387880,610212,19.9818,19.6968,0.008752,0.284932,0.01426,40,14.015074109541562,20656584
2023-05-23,2023,5,1,17192.49957934364,4380.51831948582,157,2710.636237228727,243,201,121.89598932659672,18.0,1,0,36.7,41,99.01,8.22,629,4403,15141,21.3,8879616,940084,23.4869,23.2019,0.008951,0.284932,0.012132,40,5.053998890145079,39729984
2023-05-24,2023,5,2,15328.70043811372,4136.164498771044,173,2700.079981808574,227,78,77.32673153080654,19.0,1,26,19.5,60,100.3,9.0,619,4952,14399,23.6,6369951,849197,21.1883,20.9034,0.008312,0.284932,0.013448,40,14.832897224982457,36703051
2023-05-25,2023,5,3,16632.188267914866,4208.297698244144,178,2649.3553536696027,210,79,73.7173074798456,16.0,2,15,39.9,57,100.6,8.06,567,3402,8871,24.1,7153952,855714,20.516,20.2311,0.008649,0.284932,0.013888,40,12.43381429829115,21042012
2023-05-26,2023,5,4,17761.44610175209,3981.388966766494,171,2869.2875880760807,207,83,79.4187944505044,19.0,0,5,32.0,58,82.62,7.21,596,5960,15456,22.5,8456976,779497,18.9306,18.6457,0.007485,0.284932,0.015051,40,13.787817602891645,39088224
2023-05-27,2023,5,5,10360.728962781668,2611.246319341988,108,2249.3354435390397,171,88,62.84758787716108,15.0,1,15,39.2,47,104.59,8.26,552,3312,13903,29.1,5145861,487347,13.9035,13.6185,0.006266,0.284932,0.020494,40,14.349136544632902,30850757
2023-05-28,2023,5,6,11761.60048190962,2877.195722052435,120,2309.0732397183037,149,90,90.46536342900184,20.0,0,29,19.6,57,106.96,8.04,637,3439,12297,22.1,4964596,561654,15.093,14.8081,0.007211,0.284932,0.018878,40,13.355074538554382,25737621
2023-05-29,2023,5,0,16483.881833671967,4200.465793771884,177,2599.9846385834603,234,138,68.55732566780199,16.0,3,26,28.0,51,96.08,9.03,641,3846,16132,23.6,6119835,745211,21.4579,21.173,0.008573,0.284932,0.013279,40,6.538183291096983,40378396
2023-05-30,2023,5,1,19157.68053945427,4466.3387184307685,163,3202.590742957528,209,138,131.07948837326165,20.0,0,18,21.9,59,103.44,7.2,626,7512,15348,28.5,9269616,815004,22.2599,21.9749,0.008208,0.284932,0.0128,40,12.024282059244053,41623776
2023-05-31,2023,5,2,15431.88928471477,4082.29411803757,185,2439.9352435623537,234,124,58.09369627529414,16.0,2,18,32.0,55,97.35,8.53,596,5960,15569,25.7,5636904,861541,21.6562,21.3712,0.00889,0.284932,0.013157,40,11.435762771322684,37926084
2023-06-01,2023,6,3,17326.202600291344,4094.586825185893,204,3195.28309039309,258,197,129.82849359891333,17.0,18,157,28.7,84,100.67,7.43,587,5283,10900,27.9,8925066,714676,20.6701,20.3851,0.006941,0.284932,0.013785,40,13.8253601125342,32460200
2023-06-02,2023,6,4,17535.46810555967,4535.453850170366,181,2917.06136907928,250,209,132.39956433595563,15.0,4,59,20.0,72,90.92,8.18,573,4584,15638,29.7,7788932,756383,21.8651,21.5802,0.008003,0.284932,0.013031,40,6.761163459735693,42723016
2023-06-03,2023,6,5,12282.741391335452,2948.061890880881,122,2763.616813050477,187,126,54.38852276606104,17.0,14,163,36.3,88,94.96,7.17,612,2570,14913,27.9,7504803,491636,12.8659,12.581,0.005275,0.284932,0.022146,40,13.142093268148844,36372807
2023-06-04,2023,6,6,11236.989478853762,2867.0196461585742,120,1932.9658885618655,156,57,65.01006351665468,17.0,2,115,34.4,81,86.68,8.63,634,3043,7690,31.9,5241392,631667,13.2618,12.9768,0.007434,0.284932,0.021485,40,7.3186022592252,13718960
2023-06-05,2023,6,0,13565.342683072484,3718.982666552745,162,2120.5977770192703,229,114,44.96336509459005,17.0,0,23,36.4,54,103.4,8.26,617,3702,7825,28.9,6130644,571619,18.7375,18.4525,0.009239,0.284932,0.015207,40,6.232816541995222,15869100
2023-06-06,2023,6,1,15235.005789954344,3459.041381299877,154,2006.146055230864,194,64,80.08157231730162,15.0,5,29,36.1,66,92.73,8.84,552,3312,7326,22.2,4300754,579520,19.7162,19.4313,0.01009,0.284932,0.014452,40,8.577379769664041,14315004
2023-06-07,2023,6,2,15236.58646632819,4018.1589567629344,154,2453.104808790327,219,86,120.2401602968028,16.0,14,116,39.5,89,85.09,7.13,613,7356,8811,24.7,7965419,647210,19.4637,19.1787,0.008154,0.284932,0.014639,40,14.92475860276048,21031857
2023-06-08,2023,6,3,14871.767190198476,4044.207461364675,149,2424.390931443734,246,75,115.93144554722554,15.0,15,115,25.7,84,108.01,9.41,588,3528,11700,27.5,6546464,764454,18.7986,18.5136,0.007885,0.284932,0.015157,40,12.72467403106148,27892800
2023-06-09,2023,6,4,13862.463177347698,3824.535543981336,159,2283.338773968682,212,140,101.3897597865568,14.0,9,110,18.4,67,94.32,7.74,576,6912,10184,27.8,4866435,576938,19.409,19.1241,0.008794,0.284932,0.01468,40,14.55160353052614,22476088
2023-06-10,2023,6,5,11250.558329842876,3272.0990449499423,147,2785.5243076320594,189,213,88.18799663900624,20.0,9,185,17.5,100,104.88,7.26,575,2415,12952,25.7,8614980,720094,17.013,16.7281,0.006191,0.284932,0.016748,40,12.413094588871292,35592096
2023-06-11,2023,6,6,13056.707421855996,3608.8646836223897,141,3273.713627153269,177,144,130.62487283485856,14.0,7,158,20.4,96,82.36,6.88,654,2354,11358,30.2,7193280,474142,15.6807,15.3958,0.005537,0.284932,0.018171,40,7.90352023016365,32165856
2023-06-12,2023,6,0,13629.601776452038,3940.125212145304,162,2260.985341420782,208,144,84.58791990350637,16.0,7,98,26.8,69,97.19,9.03,604,7248,8073,31.3,7265856,873072,18.9862,18.7013,0.008357,0.284932,0.015007,40,14.03026691386061,18341856
2023-06-13,2023,6,1,14775.41351252166,3523.3174236932737,170,2261.552866001329,227,97,102.70893206320916,17.0,4,178,25.1,87,98.22,9.3,638,3828,10415,30.7,7465448,588257,21.3671,21.0822,0.009242,0.284932,0.013335,40,7.4019466246834975,24079480
2023-06-14,2023,6,2,15645.785357545788,3730.032785800353,162,2580.006580047027,199,169,100.07298249879378,14.0,17,91,28.5,76,103.33,8.56,613,6130,15169,23.9,8363025,645964,21.2274,20.9425,0.008577,0.284932,0.013423,40,5.45184635013218,37543275
2023-06-15,2023,6,3,15117.326502705868,4121.447726260615,198,2706.653404156974,226,151,124.27990790634205,20.0,18,178,19.6,100,93.43,8.54,606,6666,17041,31.9,6283805,757495,19.5636,19.2787,0.007363,0.284932,0.014564,40,5.585057263075635,45277937
2023-06-16,2023,6,4,15758.559997345936,4202.908683149132,162,2488.418331108526,199,99,75.76230767954776,19.0,0,149,24.7,94,84.35,6.79,593,5337,11676,23.2,7623308,552822,21.2803,20.9954,0.009125,0.284932,0.013389,40,5.4636704696459,27228432
2023-06-17,2023,6,5,12766.438834067185,3234.3499609020937,154,3280.3505345445883,187,94,161.34695641416732,14.0,17,200,29.0,94,105.02,8.12,650,4290,15568,26.7,7770928,610378,15.3117,15.0267,0.005194,0.284932,0.018609,40,11.552858987796268,45894464
2023-06-18,2023,6,6,10205.958308978788,2469.835641756706,129,2014.443859511784,171,86,52.2418013358865,17.0,1,147,38.5,76,97.24,8.0,633,4557,8270,26.2,5377192,508585,12.3487,12.0637,0.006405,0.284932,0.023074,40,14.366156753765532,15944560
2023-06-19,2023,6,0,16720.923544593068,3689.363904917053,161,2446.885997840265,199,80,69.6660489967662,14.0,9,106,33.9,77,90.94,8.82,608,4256,8038,26.2,5212089,680814,20.048,19.763,0.008781,0.284932,0.014212,40,12.604012317212865,18350754
2023-06-20,2023,6,1,15928.64807799581,4314.087584429904,175,2822.731954773345,208,183,82.9289045842671,14.0,20,60,39.0,73,89.41,6.71,648,7776,16172,26.0,7066692,685207,20.168,19.8831,0.0075,0.284932,0.014128,40,8.913518717227008,43486508
2023-06-21,2023,6,2,18099.927589952425,3904.060422601073,206,3066.5593235686647,237,205,81.56841298381298,15.0,4,161,35.8,94,86.39,8.46,615,5535,16593,28.5,9691110,847590,22.8104,22.5254,0.00768,0.284932,0.012491,40,9.27528849571256,49281210
2023-06-22,2023,6,3,14499.835425854724,3718.4234389089934,177,2151.65686509394,192,143,72.07520533319601,14.0,0,124,26.9,88,93.64,7.86,596,3576,11772,28.7,6341720,692577,19.372,19.0871,0.009543,0.284932,0.014708,40,5.323708422428569,23897160
2023-06-23,2023,6,4,16306.280503370988,3583.483163698891,177,2425.7626043630808,216,146,53.88235750109631,16.0,19,174,27.0,100,100.51,7.13,577,5193,9321,22.2,6658400,746003,18.0824,17.7975,0.007876,0.284932,0.015757,40,12.32271596176337,21401016
2023-06-24,2023,6,5,11995.297707193678,3378.2165672328224,123,2966.947686576088,172,149,103.9342454307983,18.0,18,189,25.1,100,102.44,9.06,630,3780,11719,31.3,7872267,533586,16.7199,16.435,0.006038,0.284932,0.017041,40,14.310838554781805,32449911
2023-06-25,2023,6,6,11784.998867427035,3138.037197283554,124,2491.137971976447,175,144,92.58334727310908,20.0,6,97,26.2,77,83.16,6.54,639,3834,8893,20.7,7874542,567879,14.6028,14.3179,0.006311,0.284932,0.019512,40,11.342414228523094,20578402
2023-06-26,2023,6,0,13777.07588910319,3952.511940718413,154,2078.3577645528826,176,111,96.56572506898291,16.0,11,145,25.3,79,80.34,8.2,608,6688,8300,25.3,5748290,720568,16.9487,16.6637,0.008949,0.284932,0.016811,40,10.108413253692731,15720200
2023-06-27,2023,6,1,17271.45541675664,4161.474944898206,177,2826.25663016393,241,107,110.7339944959987,19.0,2,146,28.3,91,85.88,6.86,644,5152,14214,21.0,8944130,847987,21.9351,21.6501,0.007885,0.284932,0.01299,40,12.348863759253211,39543348
2023-06-28,2023,6,2,15388.52405397279,4348.785786805018,165,2421.9511267950784,234,71,96.1515665688386,19.0,1,116,32.3,72,92.45,8.4,617,6787,8423,28.4,6150371,671646,20.426,20.1411,0.00901,0.284932,0.013949,40,14.506412882494716,19094941
2023-06-29,2023,6,3,16568.927558665564,4379.20304771236,170,2390.9426283893795,219,109,60.971214567306575,15.0,18,104,24.2,75,84.66,7.25,571,3426,11093,23.2,7156764,664438,22.5283,22.2434,0.010259,0.284932,0.012648,40,7.283205091601472,24360228
2023-06-30,2023,6,4,14926.146785183231,3888.796007712733,175,2460.469660670868,202,127,64.27779413315757,14.0,6,87,40.5,73,96.1,9.13,555,6105,9664,30.5,7763875,794552,17.8609,17.576,0.007649,0.284932,0.015953,40,12.117217188453711,22565440
2023-07-01,2023,7,5,23538.53936429852,1977.2930971490196,135,1626.1676758625754,191,99,67.20225093233255,18.0,17,55,32.9,55,80.51,8.46,629,2264,11261,26.9,5999535,719245,15.1888,14.9039,0.005922,0.284932,0.018759,40,12.824712220688555,28884465
2023-07-02,2023,7,6,19120.317062675927,1509.3566914617782,135,1366.774135959272,180,100,41.14238213600288,19.0,6,129,26.7,77,90.85,9.44,560,4032,10437,30.5,7188138,596640,13.7995,13.5146,0.006109,0.284932,0.020648,40,11.138868849926109,23577183
2023-07-03,2023,7,0,26742.588804766896,2261.057605963512,159,1299.496551259691,232,163,48.88955905807476,17.0,19,83,32.1,61,102.97,7.44,626,6886,11190,27.6,5255473,703476,21.4615,21.1766,0.009968,0.284932,0.013276,40,6.335294351284231,24092070
2023-07-04,2023,7,1,30529.710302533844,2349.1108283805297,164,1493.5379399702665,224,109,58.33131010184302,14.0,5,23,41.7,48,108.44,7.12,637,3822,8823,29.7,7404740,885305,18.7555,18.4706,0.00805,0.284932,0.015192,40,6.804133276465738,20557590
2023-07-05,2023,7,2,28046.023968730173,2570.309136744309,166,1789.5946275683852,217,97,62.26285132084289,20.0,12,147,31.1,96,83.2,8.79,570,6840,13099,23.7,8494178,801140,21.2284,20.9435,0.007313,0.284932,0.013422,40,5.185619843724936,38026397
2023-07-06,2023,7,3,30398.0584173292,2376.132150134565,139,1367.4349222567548,196,71,62.36724051049731,17.0,7,55,18.9,64,105.11,7.31,623,4984,13092,23.4,5214330,650804,20.1282,19.8433,0.009766,0.284932,0.014156,40,14.590882444294662,26982612
2023-07-07,2023,7,4,26528.778282391704,2075.296810453537,166,1567.042009981233,230,115,52.85427090744707,19.0,10,74,25.5,60,93.71,7.51,638,4466,14622,25.8,6812450,591103,18.7697,18.4847,0.006957,0.284932,0.01518,40,6.697267067827905,39450156
2023-07-08,2023,7,5,19546.39662875315,1752.431339056039,127,1403.9524662270562,155,69,35.496618588129586,14.0,0,54,21.7,59,101.4,8.51,566,3056,13841,27.9,7987708,731351,14.592,14.3071,0.006361,0.284932,0.019527,40,10.677463825970396,31751254
2023-07-09,2023,7,6,19458.27506727592,1760.9553687273724,132,1474.8179738970875,151,88,54.37943096622162,17.0,20,127,18.3,76,94.47,9.19,622,3358,10882,22.2,8534344,676714,14.7767,14.4918,0.005987,0.284932,0.019282,40,10.865008261895424,26856776
2023-07-10,2023,7,0,29145.874318016784,2501.3601424697645,163,1448.202715535537,223,170,59.7590233803075,14.0,11,186,23.0,100,81.28,7.86,580,3480,8926,28.5,5164226,576173,19.6183,19.3333,0.008612,0.284932,0.014524,40,12.44430202920395,20333428
2023-07-11,2023,7,1,27704.55981973254,2532.502586870032,160,1574.956531560656,210,131,43.23923921921934,20.0,11,156,23.6,90,100.62,7.56,622,4354,10743,21.0,5812872,858037,17.9765,17.6915,0.007478,0.284932,0.01585,40,12.565061684340384,25826172
2023-07-12,2023,7,2,30358.659633829164,2412.788240349632,157,1661.4382736916114,234,115,55.63707844925719,17.0,17,28,35.0,65,85.71,8.42,567,5670,12494,25.7,6804162,802025,21.0072,20.7223,0.008086,0.284932,0.013563,40,8.037660057277698,32459412
2023-07-13,2023,7,3,27526.60486290737,2480.309499776553,167,1603.2841631893098,206,187,34.5535379997696,19.0,9,46,27.4,55,86.63,8.83,613,3678,15133,26.5,7051176,576815,18.9479,18.663,0.007425,0.284932,0.015038,40,7.688711578292475,38619416
2023-07-14,2023,7,4,27822.382696339813,2534.5725195220725,168,1571.763978586666,206,80,45.16939380361514,15.0,0,171,25.5,96,99.68,7.78,570,3420,14019,21.3,6686785,736235,21.3001,21.0152,0.008871,0.284932,0.013377,40,7.253970707768328,33659619
2023-07-15,2023,7,5,21360.45611392938,1649.092097406332,133,1516.7603453398594,157,94,66.41813722751384,15.0,15,126,32.8,75,83.25,7.05,629,2264,11838,22.6,8006125,634794,13.9892,13.7042,0.00589,0.284932,0.020368,40,12.21798335240537,28115250
2023-07-16,2023,7,6,22696.99889621932,1738.7774894288268,133,1618.6889510988633,184,129,56.81825491376666,17.0,5,23,24.4,51,106.25,7.31,579,3474,9089,24.0,5784384,667089,16.3476,16.0626,0.006376,0.284932,0.01743,40,6.646034849508322,23304196
2023-07-17,2023,7,0,25485.408268748903,2018.973818317892,147,1106.4120788687972,190,125,54.645570426407765,19.0,3,71,29.3,73,80.66,6.92,536,3216,7156,22.8,4538277,661775,18.4743,18.1894,0.010735,0.284932,0.015423,40,8.797345429180954,12315476
2023-07-18,2023,7,1,27845.306551787027,2138.677546319948,157,1271.717721225468,186,89,53.725952696995286,20.0,8,186,39.0,96,100.62,6.91,594,6534,10062,21.8,5957380,764142,19.0279,18.7429,0.009135,0.284932,0.014974,40,12.910940075404827,20959146
2023-07-19,2023,7,2,27743.01129691653,2264.338925124198,180,1764.4628627621962,255,183,70.38266708902275,17.0,0,73,38.8,66,95.43,7.59,618,4326,15387,26.6,9686880,707836,18.9756,18.6907,0.006582,0.284932,0.015016,40,12.542877726494297,44360721
2023-07-20,2023,7,3,26698.912078043577,2035.612158278289,172,1317.3312634785043,202,154,28.65179218638368,16.0,15,179,34.0,99,88.65,9.13,561,3366,10315,24.4,5931436,740389,18.0279,17.743,0.008911,0.284932,0.015805,40,12.781249448501224,20867245
2023-07-21,2023,7,4,28288.562040139142,2476.810221268164,145,1272.2419381129334,190,113,46.18282520250827,14.0,7,68,19.4,75,82.81,9.09,584,4672,8059,22.2,6447266,743995,19.9777,19.6928,0.009934,0.284932,0.014262,40,7.074067013304641,16206649
2023-07-22,2023,7,5,18458.61440825833,1507.9855185059891,124,1383.816518288906,151,166,39.23191160097413,14.0,3,65,33.3,65,105.97,8.09,598,2152,9619,22.7,5938728,470268,13.3068,13.0218,0.005716,0.284932,0.021413,40,13.725676229722332,22393032
2023-07-23,2023,7,6,20461.660531972924,1992.049113972752,126,1538.325949984791,160,184,55.77012507497731,17.0,14,57,29.1,68,94.9,7.84,552,2318,14267,30.9,6851369,671695,15.1258,14.8409,0.006528,0.284932,0.018837,40,7.391045408717654,33056639
2023-07-24,2023,7,0,27480.97655303603,2174.080746012318,171,1288.3084627890296,237,154,38.185157355808,19.0,7,82,19.5,62,99.48,8.76,544,6528,8672,26.2,5122848,621208,19.3155,19.0306,0.008808,0.284932,0.014751,40,7.040675706768243,19017696
2023-07-25,2023,7,1,27132.212610621336,2374.0652522840905,174,1350.5115461291928,234,87,54.95878252237907,14.0,10,56,25.6,57,80.06,8.3,640,7680,11052,24.2,6278740,549194,18.4977,18.2128,0.00918,0.284932,0.015404,40,12.309145012646743,22269780
2023-07-26,2023,7,2,26970.828008240973,2460.354425579733,147,1391.641200563674,204,147,28.62947013681977,14.0,13,127,21.8,91,90.71,8.19,564,5076,11125,28.5,7443644,861657,20.3951,20.1102,0.009121,0.284932,0.013971,40,8.228594295631051,24875500
2023-07-27,2023,7,3,30282.85045540615,2455.33164333237,169,1688.1266965260563,208,190,56.0246277840522,16.0,6,40,26.7,56,99.26,6.86,592,5920,11188,30.4,7907928,705633,21.2409,20.956,0.007747,0.284932,0.013414,40,11.155336089058412,30677496
2023-07-28,2023,7,4,28850.523438078697,2285.4067137451125,150,1360.0952185360024,242,111,42.19273488159132,17.0,5,111,35.3,68,98.44,8.67,607,4856,10820,24.6,6725056,637932,19.4289,19.144,0.008864,0.284932,0.014665,40,5.922348927076614,23717440
2023-07-29,2023,7,5,21009.090908147933,1692.5838883128688,132,1359.6342360898618,160,141,49.796525104821086,19.0,15,146,34.9,94,82.84,8.65,553,3981,8425,24.6,7033977,445427,15.164,14.8791,0.00703,0.284932,0.01879,40,14.476146498162528,18172725
2023-07-30,2023,7,6,22123.557009078555,2101.261924181358,135,1632.4503429426145,180,142,72.404368393348,17.0,19,59,18.9,61,88.25,7.27,607,4370,13279,27.7,8471365,506233,14.8021,14.5171,0.006079,0.284932,0.019249,40,8.190853355255342,32334365
2023-07-31,2023,7,0,27419.72473776445,2439.8492667538158,176,1625.118620750021,227,103,37.52166384017837,18.0,10,26,39.1,52,104.27,6.73,588,3528,11366,28.2,8124150,802445,19.168,18.8831,0.007255,0.284932,0.014865,40,5.878350002823977,30028972
2023-08-01,2023,8,1,26583.42834128308,2427.3292557943764,187,1567.345276116719,221,154,64.98604612621149,20.0,7,178,31.0,92,99.02,6.86,621,6831,14483,31.6,9158156,808278,20.9657,20.6807,0.007903,0.284932,0.01359,40,8.602762329581594,38423399
2023-08-02,2023,8,2,29566.34468989908,2230.8245306001268,187,1705.1526357911878,236,231,43.76616018916929,20.0,15,142,31.5,84,82.81,8.96,614,4298,12163,28.3,8204931,828588,23.1951,22.9102,0.007834,0.284932,0.012284,40,7.675101087478048,36014643
2023-08-03,2023,8,3,27953.32760941481,2362.9813182582434,145,1311.2203619651473,179,141,32.572936415110824,18.0,14,42,31.3,67,81.27,8.67,640,6400,9832,25.3,6382777,598182,19.0318,18.7469,0.00927,0.284932,0.014971,40,12.838480187171015,20185096
2023-08-04,2023,8,4,27850.85585271292,2470.774536259717,175,1315.8762725205704,218,157,43.98644790440701,15.0,17,43,18.6,60,105.28,7.05,572,3432,13608,27.7,6129864,652275,19.985,19.7,0.009409,0.284932,0.014257,40,14.772855381170638,28903392
2023-08-05,2023,8,5,20563.014923737053,1630.1925737958136,126,1387.6243416000289,143,111,36.6934598924644,20.0,16,21,21.3,64,100.43,8.64,599,2875,7957,21.2,7067935,591861,15.0282,14.7433,0.006623,0.284932,0.01896,40,5.532892897279799,18054433
2023-08-06,2023,8,6,20244.61266789934,1631.846521957667,117,1441.437664193695,167,141,68.2786261986487,18.0,8,21,19.4,52,89.12,8.7,589,2473,9049,24.0,7875120,511651,13.4856,13.2007,0.005915,0.284932,0.021129,40,14.62683526722378,20631720
2023-08-07,2023,8,0,30241.94069527378,2776.328521879619,188,1935.6560891956544,264,226,48.83088015125263,14.0,14,111,21.4,86,96.7,7.91,563,6756,14622,31.9,8725755,812874,22.8865,22.6016,0.007698,0.284932,0.01245,40,8.50819629133411,43471206
2023-08-08,2023,8,1,31523.43489332473,2303.728409572985,198,1762.7310153805288,241,209,56.94129365418172,15.0,16,200,30.9,100,108.17,7.76,626,5008,14645,30.7,6733981,861141,22.2407,21.9557,0.007725,0.284932,0.012811,40,11.064752453881466,42162955
2023-08-09,2023,8,2,27344.208692165797,1975.278696177067,142,1231.5413705213964,190,72,56.83106962641691,19.0,18,161,32.4,80,92.33,6.95,605,7260,8264,31.6,4892874,703538,18.393,18.1081,0.009029,0.284932,0.015491,40,8.447718006755231,16833768
2023-08-10,2023,8,3,28585.021733814858,2214.08349230597,165,1611.2642730960358,207,117,59.67645455911244,14.0,18,151,37.7,87,89.89,8.66,639,3834,13990,25.2,8014464,648082,19.9108,19.6259,0.007682,0.284932,0.01431,40,6.902345780285294,36262080
2023-08-11,2023,8,4,31200.02904567824,2532.970060390399,162,1620.09238382426,196,138,56.83414353975528,18.0,18,184,22.1,100,89.43,8.12,569,4552,12000,29.3,8569986,632464,21.5833,21.2984,0.008507,0.284932,0.013201,40,8.852236980531577,30444000
2023-08-12,2023,8,5,21640.647001321653,1573.242185202521,129,1366.9366976929746,153,159,40.278061073826144,20.0,7,98,22.7,69,101.46,8.89,550,2310,8692,26.7,5907840,485094,14.6621,14.3772,0.006751,0.284932,0.019433,40,8.133607988654527,18879024
2023-08-13,2023,8,6,21797.16203146556,1864.6012642282135,135,1515.0377901412865,168,186,40.05643624254148,20.0,7,149,38.9,78,82.75,8.84,627,2633,13324,24.0,6052445,687604,14.9221,14.6371,0.006363,0.284932,0.019095,40,14.601645554533448,31244780
2023-08-14,2023,8,0,30261.455985445536,2193.40928985193,168,1615.35165654777,257,136,62.34257444070492,19.0,6,84,29.5,73,88.56,6.98,637,6370,16936,24.7,6982156,709923,21.3295,21.0446,0.00815,0.284932,0.013359,40,9.043819808238322,44321512
2023-08-15,2023,8,1,31991.742135991557,2633.756707627631,189,1626.25183592943,210,123,49.44016525930573,16.0,14,167,22.7,97,88.6,7.19,619,6809,10479,31.0,5923267,598184,23.2358,22.9509,0.009419,0.284932,0.012263,40,5.045740612530497,25851693
2023-08-16,2023,8,2,28172.66063265758,2135.512067869412,159,1430.420281420583,215,104,55.77045655924295,15.0,7,63,26.2,75,93.75,8.58,599,7188,11989,22.1,6292464,803711,20.5897,20.3047,0.008822,0.284932,0.013839,40,9.435517652422757,27982326
2023-08-17,2023,8,3,24813.898682529103,2366.9658395622628,158,1287.8974462293502,240,73,27.5322494443329,17.0,7,81,20.2,69,80.76,7.06,630,5670,12835,22.4,6799150,716553,18.4373,18.1524,0.008759,0.284932,0.015454,40,8.58330287351936,27017675
2023-08-18,2023,8,4,24745.698962478244,2155.3413850438205,136,910.0406717011456,206,98,42.32747310237886,19.0,7,20,24.2,47,98.08,7.89,529,5819,7616,28.5,3971136,635666,16.3057,16.0207,0.01185,0.284932,0.017474,40,13.055183519502483,10479616
2023-08-19,2023,8,5,20849.261623778973,1553.5053658799422,108,1213.4195936120918,168,119,24.15689849457457,20.0,15,105,38.0,68,96.6,7.19,547,3938,10409,23.6,4754493,562768,14.0212,13.7363,0.007157,0.284932,0.020321,40,7.555772461608635,20391231
2023-08-20,2023,8,6,18780.91534966916,1553.762474711585,110,1277.160555822731,147,76,39.931074450040725,17.0,7,110,33.4,74,81.26,7.38,628,4521,10836,20.6,5194670,389115,13.4912,13.2062,0.006695,0.284932,0.02112,40,6.143074975915953,21834540
2023-08-21,2023,8,0,28981.46221351675,2495.3919261626547,186,1759.9591808548726,252,107,53.75369398945892,15.0,19,118,24.3,86,81.55,7.18,588,5880,10431,24.5,7694995,635670,19.4157,19.1308,0.006977,0.284932,0.014675,40,9.446424136565408,29029473
2023-08-22,2023,8,1,24650.305562970305,1850.464778847685,177,1201.458377691209,210,104,57.38132084492728,14.0,18,191,36.3,100,108.0,8.37,565,3390,9335,22.2,5170926,737327,17.6181,17.3331,0.008675,0.284932,0.016173,40,7.853195847490886,18959385
2023-08-23,2023,8,2,27460.934538008096,2303.18694238016,154,1369.7167356970108,235,119,68.36796099004012,17.0,15,73,25.0,63,103.99,6.89,602,3612,11267,20.7,5331256,748307,20.6503,20.3653,0.008886,0.284932,0.013798,40,12.433675304029927,26184508
2023-08-24,2023,8,3,28279.403412398,2389.008243571882,153,1601.3821295931343,250,86,62.15108182566253,15.0,13,71,17.4,62,92.96,8.06,635,6985,12382,31.0,7450072,805459,19.6535,19.3686,0.008115,0.284932,0.014498,40,13.72500892974172,29989204
2023-08-25,2023,8,4,29435.614241047257,2431.0184123294543,174,1574.3596694348032,190,154,54.425587223294215,19.0,13,23,31.7,59,98.75,6.65,569,4552,11567,23.4,7685280,671809,18.0091,17.7242,0.007592,0.284932,0.015822,40,13.039454253186678,27436924
2023-08-26,2023,8,5,23856.023803240165,2050.2732973431507,124,1692.858709587704,180,153,82.42893515497472,19.0,16,27,18.1,56,103.23,8.01,634,2662,9431,21.0,8406755,779940,15.6932,15.4082,0.006315,0.284932,0.018156,40,11.054169814559884,23436035
2023-08-27,2023,8,6,20676.32336339265,1706.3163329873566,117,1395.3770846912216,165,147,55.89044128601203,19.0,5,61,24.6,66,81.79,8.09,641,3076,12001,22.4,5403904,602134,12.3976,12.1127,0.005579,0.284932,0.022983,40,12.311970970401449,26666222
2023-08-28,2023,8,0,28656.09758007878,2684.3670810375293,183,1596.6333438512884,233,118,33.717722789406096,15.0,15,124,37.5,83,84.41,7.09,586,4688,10811,25.1,7737660,757494,19.0901,18.8052,0.007905,0.284932,0.014926,40,7.873081522038849,26108565
2023-08-29,2023,8,1,28462.65061168819,2169.5033792019544,165,1437.2217843356905,224,135,57.77183546550355,17.0,3,139,19.5,79,87.39,8.81,642,7704,9797,30.8,5956034,617929,19.1658,18.8809,0.007861,0.284932,0.014867,40,10.247759826990595,23885086
2023-08-30,2023,8,2,27134.107144815523,2182.985044907902,136,1164.887629760331,198,59,55.5330614299653,18.0,12,115,17.1,83,98.99,8.8,591,6501,9367,29.6,5591488,835554,19.6805,19.3956,0.011038,0.284932,0.014478,40,14.340867003113033,16701361
2023-08-31,2023,8,3,26917.70145789381,2010.5220706652376,132,1133.6898707473886,218,64,26.50016231507579,18.0,0,141,33.7,86,88.05,6.71,636,3816,9569,22.0,4204338,691664,18.3402,18.0553,0.010456,0.284932,0.015536,40,5.722845142554118,16784026
2023-09-01,2023,9,4,29039.03588670398,2136.443354521793,169,1502.5378625486644,226,98,48.89359752974378,19.0,7,167,31.6,100,85.84,7.0,645,6450,11579,29.9,6922536,679701,18.5543,18.2694,0.007741,0.284932,0.015357,40,7.068492379621444,27754863
2023-09-02,2023,9,5,21063.797790608733,1840.896881683352,136,1486.8028695900607,142,179,38.28955447656639,17.0,6,121,36.1,89,93.82,9.49,603,3979,8634,20.1,6478948,678409,15.962,15.6771,0.006967,0.284932,0.017851,40,7.311832807993092,19780494
2023-09-03,2023,9,6,21960.49423059909,1717.2103378155482,117,1419.591358763214,141,152,36.82303166738211,18.0,0,119,33.1,70,84.43,6.52,592,2486,13838,29.5,7271472,491984,12.8879,12.603,0.005764,0.284932,0.022108,40,7.861532981751953,30941768
2023-09-04,2023,9,0,29536.575199152285,2365.03221789533,188,1571.25250747727,204,155,63.31527373880447,15.0,17,123,25.8,76,97.38,8.63,573,5730,15755,29.7,6612608,821706,20.0838,19.7989,0.008258,0.284932,0.014187,40,13.968152059437251,38316160
2023-09-05,2023,9,1,29611.435861469447,2184.0639359503584,178,1359.3799458863357,209,69,50.78143476012173,16.0,9,72,22.2,73,106.34,7.33,557,6127,9426,25.1,6420600,602228,19.7227,19.4378,0.009446,0.284932,0.014447,40,13.107021602911216,19681488
2023-09-06,2023,9,2,27673.251168476432,2285.314384689648,185,1468.144841256878,210,120,71.75378527179811,14.0,7,117,37.7,76,83.24,9.15,592,7104,9120,29.3,5727202,806879,18.0127,17.7278,0.007655,0.284932,0.015818,40,12.8888525310973,21459360
2023-09-07,2023,9,3,26306.236012235087,2159.8904845192105,166,1347.0468944189718,200,66,27.1134782042245,19.0,6,154,39.6,96,92.52,8.13,562,5058,9684,28.2,4964406,580681,18.5398,18.2549,0.008481,0.284932,0.015369,40,7.513530891149449,21169224
2023-09-08,2023,9,4,26293.996848372783,2050.202236773911,176,1326.7867032058414,196,140,65.20138643477941,17.0,13,104,36.8,84,105.92,7.83,566,6792,12656,21.7,5129346,638541,19.3831,19.0982,0.008986,0.284932,0.0147,40,9.98791892777046,27298992
2023-09-09,2023,9,5,21488.14502078202,1961.240349863088,138,1698.095572932218,194,133,78.36391925701342,15.0,2,106,24.4,69,102.08,7.22,622,3732,14941,29.6,6830354,676795,16.0138,15.7289,0.00596,0.284932,0.017793,40,14.648997937814764,40146467
2023-09-10,2023,9,6,21574.027926604656,1848.3351631491505,117,1647.738063658426,158,87,65.37584220183228,16.0,16,101,28.7,69,102.16,6.83,647,3493,15869,29.3,6656650,726458,14.1508,13.8659,0.005729,0.284932,0.020135,40,12.356571037283208,39196430
2023-09-11,2023,9,0,26779.524246701458,2511.905193433108,164,1446.079382050838,217,184,32.96439021449222,17.0,13,92,19.5,77,106.87,9.22,637,7007,13147,23.8,5147550,792172,19.4177,19.1328,0.008352,0.284932,0.014674,40,7.982568375926609,30566775
2023-09-12,2023,9,1,33586.51186606806,2755.8063186913305,195,1871.5729391443845,254,183,79.6136326972158,16.0,5,134,29.5,85,91.49,8.17,607,4249,11225,26.6,9424248,805186,22.3459,22.0609,0.007791,0.284932,0.012751,40,11.11085732484514,32193300
2023-09-13,2023,9,2,27517.689947483646,2503.1376929130843,189,1606.4448524595298,237,182,33.026213025738976,15.0,3,77,24.1,61,104.26,8.06,594,3564,10638,23.7,6120172,721563,19.6367,19.3518,0.007617,0.284932,0.01451,40,8.737198197733624,27424764
2023-09-14,2023,9,3,29319.76915031483,2536.3686698493043,166,1608.604774579572,216,158,56.13587813577413,20.0,18,138,29.8,85,90.28,9.01,626,6260,12890,25.8,5965227,686160,19.952,19.6671,0.007736,0.284932,0.014281,40,7.402457741927431,33243310
2023-09-15,2023,9,4,29862.78273478896,2325.806273616781,158,1334.7098840547146,221,93,56.73867928167815,18.0,6,186,27.8,98,100.79,7.05,547,3829,7828,31.0,5773872,726512,19.6092,19.3243,0.009924,0.284932,0.01453,40,6.553327281300602,15468128
2023-09-16,2023,9,5,19981.52985333929,1802.2779697903068,118,1608.4820293155365,156,202,67.22757707665555,20.0,17,138,36.5,82,99.68,9.08,582,3841,12948,23.5,8648648,559591,15.5227,15.2378,0.006007,0.284932,0.018356,40,5.404969968748508,33457632
2023-09-17,2023,9,6,20720.97407401391,1868.7040831890697,132,1366.947124679757,135,79,34.157256359128965,16.0,15,26,27.0,60,90.6,7.96,638,3828,10838,30.8,5300307,702471,15.0952,14.8103,0.007254,0.284932,0.018876,40,6.437712611923146,22553878
2023-09-18,2023,9,0,24421.39405041345,2348.516057665789,147,1298.940945414412,217,145,64.02812510486378,20.0,16,173,28.7,83,91.07,6.91,588,7056,12984,27.8,6472214,570594,19.6616,19.3767,0.008974,0.284932,0.014492,40,6.7543675108709245,28447944
2023-09-19,2023,9,1,29438.085641505982,2069.4196989237494,134,1289.3518275664137,230,120,36.05644675742432,15.0,17,126,22.3,84,87.88,6.66,560,5600,9732,20.5,6712156,633347,18.9407,18.6558,0.009809,0.284932,0.015043,40,10.948712130135403,18792492
2023-09-20,2023,9,2,30956.79443976507,2752.949165873953,197,1796.0025116801712,212,217,83.04847477236231,16.0,6,40,27.4,52,94.48,7.54,572,5720,17670,30.0,9504715,822384,21.7347,21.4498,0.007672,0.284932,0.01311,40,9.08120821506154,50059110
2023-09-21,2023,9,3,26584.404849055783,2097.716474771913,176,1389.594165229126,183,117,27.573857454938818,16.0,15,43,39.3,68,105.37,8.58,556,4448,11922,22.2,5772888,842519,18.2973,18.0123,0.008444,0.284932,0.015572,40,11.389502403846333,25834974
2023-09-22,2023,9,4,27630.809876141346,2364.901096123883,176,1391.6198410144143,237,131,49.9399680364035,18.0,5,61,23.7,58,104.23,8.02,566,5660,10330,21.9,5803900,760253,17.8149,17.53,0.007796,0.284932,0.015994,40,13.306634457946569,23604050
2023-09-23,2023,9,5,20113.109352502164,1598.0713981930228,106,1333.654560469409,152,102,58.01300649697768,19.0,17,86,29.2,65,83.41,8.58,587,3169,10803,26.6,4849736,395088,13.9577,13.6728,0.006746,0.284932,0.020414,40,8.284993391667008,22351407
2023-09-24,2023,9,6,20761.81535998984,1905.285757859412,118,1365.3691727004325,141,155,43.62409850783452,20.0,16,141,31.3,81,80.32,6.99,569,3072,13319,23.1,5944995,535607,15.052,14.767,0.007178,0.284932,0.01893,40,12.986745055616389,27929943
2023-09-25,2023,9,0,27546.608611227784,2099.22432558387,168,1264.0200608233006,219,107,48.15314517422097,16.0,13,160,19.6,100,89.83,9.31,611,3666,13189,26.3,5953500,633182,21.195,20.9101,0.010093,0.284932,0.013443,40,9.931443396676832,27696900
2023-09-26,2023,9,1,30856.961824140075,2487.637653566485,169,1726.8680702130182,201,193,45.46074637935643,19.0,12,183,31.8,92,107.44,8.88,640,7680,15460,28.4,8144940,876597,22.859,22.574,0.008476,0.284932,0.012465,40,11.458506268237535,41695620
2023-09-27,2023,9,2,24634.22797114136,2115.493837597828,179,1282.9411727854172,222,116,58.58178871166288,15.0,13,101,26.9,70,88.07,8.39,583,4664,8116,23.2,6692640,686097,18.2154,17.9305,0.008318,0.284932,0.015642,40,9.5793531932788,17774040
2023-09-28,2023,9,3,26955.27918660309,2236.299022968457,150,1285.1305534559276,186,104,29.916362561876472,14.0,13,96,31.1,64,104.25,9.24,578,5780,10477,20.4,5180754,753979,19.3024,19.0175,0.00956,0.284932,0.014761,40,12.947566158343095,21153063
2023-09-29,2023,9,4,27732.739370193845,2392.5486632684324,175,1599.0579509196875,206,137,52.449625286418616,18.0,0,74,40.8,78,96.65,8.33,629,5032,12158,26.8,7292610,839173,18.7817,18.4967,0.007701,0.284932,0.015171,40,12.865549939991006,29653362
2023-09-30,2023,9,5,22180.279435516917,1895.2747508876112,143,1742.016519585706,155,132,43.27991353007965,19.0,18,111,37.3,76,105.35,7.81,614,2210,14218,25.5,7400848,540667,14.9911,14.7062,0.00582,0.284932,0.019007,40,5.492927175233628,36625568
2023-10-01,2023,10,6,12908.219028856098,2741.9931094831422,114,2628.4180590056285,164,156,96.91962381904524,19.0,0,7,40.7,55,99.39,8.82,571,3768,13755,22.2,7242985,633276,15.3341,15.0491,0.006146,0.284932,0.018582,40,14.745618352171984,34318725
2023-10-02,2023,10,0,13207.10931150614,3648.376271242069,156,1687.506313154018,192,49,40.22783998350043,20.0,2,22,35.5,57,109.94,7.4,603,6030,10288,23.1,4683868,616778,17.9656,17.6806,0.010981,0.284932,0.01586,40,11.1234986217252,16831168
2023-10-03,2023,10,1,15372.597027892924,3646.0464897034776,185,2390.401825163928,194,167,58.60339958466403,15.0,3,5,30.1,57,92.96,8.36,597,3582,12171,23.3,7581825,718607,18.0899,17.8049,0.007781,0.284932,0.015751,40,11.65392819379412,28297575
2023-10-04,2023,10,2,16987.68145164861,4287.420795512108,173,2795.707432068679,228,204,131.4266374609195,17.0,4,2,30.4,41,104.89,8.26,613,3678,13378,26.3,6370964,711024,19.8413,19.5564,0.007462,0.284932,0.01436,40,12.93421845312936,35572102
2023-10-05,2023,10,3,14810.677473750036,3484.41714095253,152,2407.919312096888,221,86,58.22427844824441,20.0,3,22,20.9,65,83.05,7.01,610,7320,13526,27.8,7559120,560849,20.6718,20.3868,0.008472,0.284932,0.013784,40,8.397635901859271,33003440
2023-10-06,2023,10,4,15178.795590718792,3496.4933061807496,179,2335.8710315071344,207,150,61.12559708616801,16.0,1,17,32.9,54,98.17,7.21,547,4923,13796,24.9,5390660,628645,16.8163,16.5314,0.007858,0.284932,0.016944,40,6.110740255167512,29523440
2023-10-07,2023,10,5,12172.735991109545,3044.357548811423,125,2845.6016223564666,192,152,79.96763683264524,19.0,0,16,29.5,57,106.2,8.5,600,3240,15331,25.2,7981620,685201,15.8899,15.605,0.005799,0.284932,0.017932,40,7.506221038863496,42006940
2023-10-08,2023,10,6,10982.6785528123,2825.187573961357,120,2101.480713277645,153,152,62.43018889468806,19.0,1,7,24.1,52,107.86,8.15,575,2760,11488,31.7,5323937,531882,14.8108,14.5259,0.007097,0.284932,0.019238,40,12.060326544902916,23975456
2023-10-09,2023,10,0,15910.149551538909,4195.503882944735,161,2555.924239084836,243,176,89.38286264909499,14.0,1,20,23.1,56,97.38,9.32,550,6050,11894,26.5,7395758,772836,20.7571,20.4721,0.008642,0.284932,0.013727,40,11.943084454156224,28569388
2023-10-10,2023,10,1,18365.891211228118,4083.183748998935,160,2839.1283213455963,199,108,60.45462513906238,17.0,2,22,36.8,50,95.7,7.6,589,6479,8897,27.7,7841312,781475,19.5358,19.2509,0.007703,0.284932,0.014585,40,10.51465024166264,22562792
2023-10-11,2023,10,2,15188.512349411129,4010.53422022962,190,2933.573645711116,255,165,138.1300728800427,16.0,5,27,39.5,57,106.53,7.33,564,4512,11286,28.9,7759535,773659,19.9482,19.6632,0.006568,0.284932,0.014284,40,10.819659321987128,34275582
2023-10-12,2023,10,3,14695.25574980645,4069.700165923422,152,2519.509244065566,246,73,87.23351761530472,19.0,3,3,32.5,59,105.24,7.81,577,5193,11386,30.2,6667780,839689,18.1218,17.8368,0.007382,0.284932,0.015723,40,14.743309561543178,27952630
2023-10-13,2023,10,4,15774.314253273258,3559.848791057838,133,2084.342701372401,207,98,55.39420415320087,15.0,0,23,29.7,59,85.65,9.04,546,3822,7057,23.8,4989400,531466,19.2429,18.9579,0.010028,0.284932,0.014807,40,9.360950275690886,13542383
2023-10-14,2023,10,5,13653.554062019057,3165.8963567333208,158,3481.8836786642146,188,178,153.0742107854927,15.0,5,13,23.9,44,96.75,6.79,636,3816,14202,24.8,7408040,632868,15.982,15.697,0.005091,0.284932,0.017828,40,14.694786089450384,44580078
2023-10-15,2023,10,6,12415.242871282131,3010.9386234437466,142,2769.096827002001,162,85,100.1939607384422,14.0,2,3,36.2,47,98.91,8.55,572,3775,13814,31.4,8686810,514515,15.2515,14.9666,0.006064,0.284932,0.018682,40,14.368175002015846,34742210
2023-10-16,2023,10,0,14420.607820827912,3930.5632827636055,183,2508.7292576934933,193,109,116.16374304510896,19.0,4,5,22.6,48,94.42,8.32,560,6720,10023,30.4,6526762,681540,18.2195,17.9345,0.0074,0.284932,0.015639,40,11.504529686377245,24676626
2023-10-17,2023,10,1,14785.938090141735,3406.9993950350377,161,2169.1430870880977,188,71,66.6806910795596,19.0,2,14,18.8,49,85.59,7.06,567,4536,7573,29.0,6273534,582740,19.9842,19.6993,0.009308,0.284932,0.014258,40,11.998643943407632,16259231
2023-10-18,2023,10,2,15894.306947571888,3908.1039650426223,160,2646.749021084402,245,79,122.190340194583,19.0,1,27,40.3,51,95.27,7.39,647,4529,14620,29.6,6135333,684424,21.0044,20.7194,0.008432,0.284932,0.013565,40,8.534867976155242,36418420
2023-10-19,2023,10,3,16018.842935310471,3461.2968844649554,186,2469.924004528503,239,94,63.17462387820428,14.0,0,6,37.4,51,101.99,7.02,605,7260,9999,21.9,6978696,677745,19.6001,19.3152,0.008086,0.284932,0.014537,40,10.324859504942395,24237576
2023-10-20,2023,10,4,15470.606889455094,3713.6599203647543,166,2611.732431053543,244,195,122.1499908300904,20.0,3,5,18.1,59,83.83,8.63,644,5152,12049,24.9,8383929,549829,20.1194,19.8345,0.007974,0.284932,0.014162,40,7.225447140413025,30399627
2023-10-21,2023,10,5,12361.585090927836,2975.222030712686,140,3125.953352601981,171,230,95.15995476006032,18.0,5,0,27.9,43,86.49,7.2,611,2566,18647,24.9,9904310,514089,17.1592,16.8743,0.005617,0.284932,0.016605,40,11.388026085540204,56966585
2023-10-22,2023,10,6,10909.658573613104,2939.9412398983286,129,2162.509178581656,154,143,52.06040615103986,15.0,4,14,32.2,48,107.66,7.08,561,2692,7727,24.7,6579360,708037,16.2776,15.9926,0.007536,0.284932,0.017505,40,6.621372059801555,16690320
2023-10-23,2023,10,0,14208.216434511658,3786.008950669873,175,2406.2385669075875,225,154,88.15960266687283,17.0,4,17,35.0,47,93.98,8.69,577,6347,12489,29.2,7372960,776648,20.3614,20.0765,0.008776,0.284932,0.013994,40,7.975328458051496,28974480
2023-10-24,2023,10,1,17139.860528744408,4621.272396215236,165,2759.3310143512795,213,148,87.19486005350043,19.0,0,23,36.9,58,86.44,6.99,622,5598,14736,30.5,7187500,648320,21.7775,21.4926,0.008711,0.284932,0.013084,40,9.306627667038168,36840000
2023-10-25,2023,10,2,16494.611206096924,4005.5274408157834,184,2756.1526547248386,214,167,94.12800701094038,14.0,3,23,34.7,53,83.68,7.41,562,4496,9591,22.8,7130016,737926,19.7414,19.4565,0.007575,0.284932,0.014433,40,14.540918883113903,24994146
2023-10-26,2023,10,3,15139.79486600328,4148.478470305762,163,2460.0347104954667,199,171,85.09906144636115,18.0,4,29,31.1,65,86.08,7.59,559,3913,14083,30.7,4932265,743429,19.1082,18.8233,0.008697,0.284932,0.014911,40,12.764714127356225,30940351
2023-10-27,2023,10,4,17115.27642241228,3835.066309380801,177,2590.119822758896,246,180,81.72443698229584,18.0,1,11,22.0,49,108.59,8.19,581,4067,10523,27.3,5543164,698373,20.7584,20.4735,0.008733,0.284932,0.013726,40,10.143335389533553,25013171
2023-10-28,2023,10,5,10993.179741172273,2945.2887807739817,112,2383.268615695445,158,80,53.38019297341578,18.0,3,22,38.4,53,91.86,7.15,643,2314,11928,23.4,5649237,568269,15.0057,14.7208,0.00659,0.284932,0.018988,40,12.253257023799105,27160056
2023-10-29,2023,10,6,13517.805215117523,3512.6282950010745,134,3209.1482459511285,159,178,136.24244626260182,20.0,1,7,21.9,46,101.8,6.97,621,2235,18594,23.2,7989750,775750,16.5626,16.2776,0.005493,0.284932,0.017203,40,13.595155069420311,56060910
2023-10-30,2023,10,0,15013.345256663595,3617.936855970181,192,2511.132510854595,230,196,120.00994730590232,20.0,5,18,40.3,58,94.29,8.75,590,5900,14845,24.0,7064130,633681,18.1379,17.853,0.007284,0.284932,0.015709,40,14.554840749686864,36964050
2023-10-31,2023,10,1,13198.153617686718,3896.2975114822734,164,2066.3108214145477,201,95,77.2832787536937,19.0,5,0,36.2,58,99.89,8.82,597,3582,9898,21.1,5807456,812994,20.2422,19.9572,0.009962,0.284932,0.014076,40,9.225041958672891,20112736
2023-11-01,2023,11,2,16090.35495400053,3999.1649052539456,153,2592.425167496217,246,132,100.66619648315164,19.0,5,10,38.8,55,99.19,6.79,611,7332,13831,28.3,5678545,564278,19.8772,19.5922,0.008299,0.284932,0.014335,40,14.052320072498008,33125245
2023-11-02,2023,11,3,14295.195908382915,4166.667385540326,152,2344.498090493612,236,72,106.4285471022853,20.0,2,8,31.1,54,106.31,8.35,598,7176,9337,23.2,5280755,765677,19.6594,19.3745,0.008581,0.284932,0.014493,40,12.775037550541068,21391067
2023-11-03,2023,11,4,16129.681792244031,4513.018903826477,182,2724.4885820049367,209,146,129.68476976996646,19.0,3,4,36.4,51,89.18,6.86,565,5085,9858,23.5,5653400,762999,20.9948,20.7099,0.008541,0.284932,0.013571,40,12.894457192947335,24230964
2023-11-04,2023,11,5,10590.36571734946,2600.887456681657,138,2234.233280939781,139,126,73.97461422350953,18.0,0,0,27.9,49,109.89,8.58,634,3043,13758,30.1,6389865,573188,13.479,13.1941,0.006031,0.284932,0.021139,40,13.124686824773658,30749130
2023-11-05,2023,11,6,11518.370728819462,2707.456016637881,111,2311.8348260602497,179,107,48.31981754422259,17.0,1,1,39.9,47,85.82,6.96,627,4138,9725,26.6,5035867,538664,14.0009,13.716,0.006503,0.284932,0.020351,40,7.674427202745331,20937925
2023-11-06,2023,11,0,14528.50042292701,3677.8606847509513,188,2484.350874762693,244,103,86.66340260800092,18.0,0,4,40.2,47,86.17,8.28,568,4544,12120,20.9,6850760,662324,20.4544,20.1695,0.008494,0.284932,0.01393,40,13.947308952738217,29184960
2023-11-07,2023,11,1,17815.80592590725,4311.338259976766,189,3291.992145213303,237,151,70.50395039171819,18.0,3,23,22.5,59,88.7,7.77,657,5256,17617,28.0,8455510,580157,19.5648,19.2799,0.006446,0.284932,0.014563,40,10.771255177234826,53467595
2023-11-08,2023,11,2,16846.423830887736,3774.896596346329,156,2634.973242887822,199,174,125.5798284653895,19.0,5,25,41.2,52,109.96,7.65,589,5301,13000,29.9,5984784,838530,17.8437,17.5588,0.00746,0.284932,0.015968,40,10.108822275434523,31096000
2023-11-09,2023,11,3,17562.673450399234,4542.949643402684,183,2950.226552328371,220,89,139.73651405259022,17.0,2,24,36.0,62,101.67,8.44,641,6410,11361,27.4,7059312,855901,23.0063,22.7214,0.008193,0.284932,0.012385,40,13.214351910929771,31901688
2023-11-10,2023,11,4,16963.632994525105,3917.4785932185705,172,2531.712115551752,196,163,118.29443343420785,20.0,5,18,33.8,46,106.38,6.86,643,4501,15411,28.9,5958942,840275,18.7505,18.4656,0.007822,0.284932,0.015196,40,12.379253332724163,36940167
2023-11-11,2023,11,5,11916.71453212362,3055.9515525182287,126,2215.419138626979,139,63,89.18231191330993,18.0,2,18,18.9,59,98.06,6.78,606,3636,7430,29.4,5603787,665329,15.1863,14.9013,0.007455,0.284932,0.018762,40,5.597474599046203,15134910
2023-11-12,2023,11,6,11330.35910967728,3087.9836113619444,119,2482.835623756454,143,100,92.15079497704258,17.0,2,3,26.3,58,104.49,9.35,556,2668,11229,30.2,7665443,627848,15.0852,14.8003,0.006362,0.284932,0.018888,40,6.081647018486459,26623959
2023-11-13,2023,11,0,15845.199921377818,4360.090121431394,201,2941.9289568689537,233,128,62.03495656013877,16.0,1,1,31.6,55,89.23,8.69,641,6410,13459,27.8,7473458,759874,20.183,19.898,0.007213,0.284932,0.014117,40,13.674694196321068,37658282
2023-11-14,2023,11,1,12930.860657979802,3152.3876972805965,159,1931.622373831348,195,88,46.03866797732747,17.0,2,21,37.6,50,104.07,9.42,598,6578,10709,21.3,4927290,753011,16.1944,15.9095,0.008391,0.284932,0.017594,40,13.025897159459443,20668370
2023-11-15,2023,11,2,15770.958929897284,3500.978013869714,180,2641.9063689659724,250,95,55.63999874467636,20.0,0,0,19.0,52,103.27,7.24,598,6578,13045,27.2,6397554,753771,18.229,17.9441,0.006856,0.284932,0.015631,40,13.287912411022486,34686655
2023-11-16,2023,11,3,15380.77507027316,3828.859378244651,176,2580.8541764991173,247,163,76.45444718211957,18.0,4,15,25.9,44,83.11,9.33,640,4480,11064,23.1,6564744,576636,21.239,20.954,0.008502,0.284932,0.013416,40,8.992087041957646,27637872
2023-11-17,2023,11,4,18775.36465361982,4571.107427930275,203,3248.3329850553323,237,114,108.63277523791604,15.0,1,11,36.1,51,94.26,7.57,566,6792,19390,22.4,8302100,722726,20.5413,20.2564,0.006735,0.284932,0.013871,40,7.743873407726246,59139500
2023-11-18,2023,11,5,11511.235948030591,2856.437228992562,138,2320.3622987808108,173,165,71.23919338362138,14.0,2,25,33.5,66,97.88,8.8,604,3986,13909,29.6,6835440,519475,14.9528,14.6679,0.006558,0.284932,0.019055,40,7.915724377514445,31712520
2023-11-19,2023,11,6,13498.458319699985,3034.3857251002783,158,3160.959083403858,198,192,125.6491619881297,15.0,0,17,20.5,63,95.68,8.21,563,2702,19653,20.3,7077300,588592,17.9388,17.6538,0.005893,0.284932,0.015884,40,6.260698705897254,59823732
2023-11-20,2023,11,0,16197.312454239003,3539.2801051643496,170,2624.446783391109,213,127,71.20592047960373,16.0,5,12,21.5,46,82.46,8.58,593,4151,12234,26.7,7329780,728450,18.6095,18.3246,0.007213,0.284932,0.015311,40,10.297467826225995,31563720
2023-11-21,2023,11,1,15271.556010677004,4012.3313691611943,146,2221.8438303260773,195,137,98.26590497252202,16.0,1,21,18.0,51,81.79,8.99,630,3780,13958,28.1,7006776,723251,20.2368,19.9519,0.009421,0.284932,0.01408,40,9.16140423845426,29981784
2023-11-22,2023,11,2,14935.666856680918,4060.459931524312,157,2388.768611218819,199,113,79.29058971320062,20.0,2,12,32.5,52,85.18,8.0,578,6936,12181,23.9,6992391,729811,17.3979,17.113,0.008134,0.284932,0.016377,40,13.02951301723129,26055159
2023-11-23,2023,11,3,18591.32721194679,4042.5561168995823,187,3185.604709175001,224,151,93.8846916321901,19.0,5,30,37.2,52,94.1,7.29,644,7084,12834,22.5,7492176,808590,19.8561,19.5712,0.006726,0.284932,0.01435,40,12.3830062924857,37885968
2023-11-24,2023,11,4,16057.305539236588,4189.167951442893,178,2749.0943946002444,219,202,110.8843248963569,18.0,1,1,35.4,57,94.36,7.41,597,4179,11468,31.8,5834160,710053,21.2097,20.9247,0.008071,0.284932,0.013434,40,14.896835882979756,30137904
2023-11-25,2023,11,5,11115.89630586579,3259.8454149397803,119,2475.861526769725,148,111,49.8994390043641,18.0,4,3,21.5,58,90.0,7.76,605,3630,11509,25.3,6380352,518264,14.7788,14.4939,0.006337,0.284932,0.01928,40,14.867059283120406,26838988
2023-11-26,2023,11,6,11031.32628009849,2609.3725995261007,117,2602.436106365672,163,174,128.11993139031,14.0,3,25,23.5,58,91.18,6.58,560,3360,11121,22.0,8109400,554330,13.9504,13.6655,0.005366,0.284932,0.020425,40,8.355771469016853,28914600
2023-11-27,2023,11,0,18045.730146583293,4116.737037822647,165,3010.3988117722824,238,136,63.31835139152033,20.0,0,24,41.6,52,92.64,8.99,610,4880,11896,31.3,8783110,845523,22.5461,22.2612,0.00832,0.284932,0.012638,40,14.21777774703748,32238160
2023-11-28,2023,11,1,15756.222740713283,4126.4001137116775,185,2771.986830675897,231,194,94.12698509353486,18.0,4,9,38.0,61,87.04,8.78,610,5490,16438,20.6,8848496,839027,20.175,19.8901,0.007697,0.284932,0.014123,40,7.958460684835533,43083998
2023-11-29,2023,11,2,17409.61067548007,4061.347155911023,199,2918.075943878294,222,200,70.91053471869196,18.0,2,24,24.8,54,104.58,8.04,558,5022,10034,28.9,9174648,691252,21.0886,20.8037,0.007765,0.284932,0.013511,40,12.98614071730942,27252344
2023-11-30,2023,11,3,14508.941141735757,3812.805734165877,165,2199.85102959188,235,153,47.22962611242108,16.0,3,24,30.0,57,83.09,7.8,641,3846,11056,30.5,7271024,737592,19.5806,19.2957,0.009342,0.284932,0.014552,40,14.495607135834604,23173376
2023-12-01,2023,12,4,14784.79448770756,4237.441463278457,161,2486.902484175641,226,96,86.28657937660216,15.0,0,6,26.7,59,81.47,6.89,637,6370,11891,21.5,6747327,557821,19.8686,19.5837,0.008207,0.284932,0.014341,40,9.776775466333602,28788111
2023-12-02,2023,12,5,12815.696959451932,3150.214683339087,143,3236.498091273309,194,103,147.20396973216037,15.0,4,28,19.3,47,92.16,9.32,598,2152,13798,25.0,8697942,566632,17.15,16.8651,0.00527,0.284932,0.016614,40,5.557885922850668,44898692
2023-12-03,2023,12,6,12637.150899558086,3097.1570400698342,134,2607.529347310418,159,75,88.2813404126566,20.0,5,15,37.2,60,91.06,7.74,566,2037,12898,22.6,6130082,624855,14.917,14.632,0.006159,0.284932,0.019101,40,12.55563010381696,31238956
2023-12-04,2023,12,0,17306.0759871438,3852.1019127784193,156,2678.698594536751,219,102,85.24622210276074,16.0,4,4,41.6,43,83.4,9.34,593,6523,12942,26.3,5460828,789472,19.755,19.4701,0.00806,0.284932,0.014423,40,6.385390756496506,31720842
2023-12-05,2023,12,1,18261.045258901308,4703.879346877749,170,3218.3023743915155,216,235,71.99541204815745,19.0,4,10,38.0,55,107.16,8.38,586,4688,14422,27.0,9179675,944633,22.3249,22.04,0.007454,0.284932,0.012763,40,11.659830670043362,43193890
2023-12-06,2023,12,2,16492.735398057623,4552.422310239205,164,2877.497501712934,244,195,135.57753023524944,15.0,1,5,19.4,53,100.83,8.49,595,5950,14462,26.1,9229787,680321,21.7937,21.5087,0.008215,0.284932,0.013074,40,5.957478896383464,38367686
2023-12-07,2023,12,3,13598.486755696847,3289.018306434269,165,2071.278912475005,213,129,83.18389206726928,18.0,5,14,29.0,43,80.39,7.74,542,5420,7983,29.6,4499928,500992,17.0977,16.8128,0.008583,0.284932,0.016665,40,14.214686510733095,15902136
2023-12-08,2023,12,4,13678.284691059136,3475.314832420375,158,2118.970471867025,184,111,88.41747292682554,14.0,5,16,19.3,48,90.1,7.73,624,5616,10420,26.6,6106965,732939,18.3776,18.0927,0.008814,0.284932,0.015504,40,8.201283851745142,21725700
2023-12-09,2023,12,5,11857.38389131667,2915.731546739188,116,2062.430197756725,145,152,98.56423863893907,14.0,5,29,30.1,58,104.4,7.88,622,2612,8678,22.5,5188036,707282,13.9092,13.6243,0.007148,0.284932,0.020485,40,10.13440291605876,16887388
2023-12-10,2023,12,6,10826.236919171355,2979.862241088498,117,2508.4072076397038,150,161,54.662626800865205,15.0,2,30,33.5,49,81.16,8.41,561,2356,14523,20.3,7897386,626514,15.6369,15.352,0.00631,0.284932,0.018222,40,13.015780955525182,35987994
2023-12-11,2023,12,0,16103.898512887354,4464.372543105345,157,2303.013390688404,194,128,103.17133158882842,15.0,2,4,29.7,57,109.01,8.11,631,6941,10586,21.2,6876807,752193,20.1754,19.8904,0.010042,0.284932,0.014123,40,9.95738706374943,21267274
2023-12-12,2023,12,1,16786.142440066502,3587.515081813931,176,2657.7459346116434,205,91,119.21830178459037,20.0,3,23,34.7,50,80.29,9.32,628,6280,12975,27.4,8950146,611088,20.7207,20.4358,0.008013,0.284932,0.013751,40,14.619306970709092,33553350
2023-12-13,2023,12,2,15025.302042158262,3579.3432283816155,195,2544.961862358699,198,203,52.52266507682118,14.0,4,3,19.8,54,86.53,8.93,558,5022,17301,28.7,7624565,678699,20.6611,20.3762,0.007753,0.284932,0.013791,40,13.630123802688438,46107165
2023-12-14,2023,12,3,15578.033134169667,3755.345482420557,154,2595.136926458131,201,178,63.87395372783013,16.0,0,22,37.7,45,101.19,7.79,572,4004,15891,23.5,7602342,803399,18.1967,17.9118,0.007224,0.284932,0.015658,40,8.868415503846244,40029429
2023-12-15,2023,12,4,16463.633775040915,3956.541148694308,207,3122.1202519580106,257,89,73.29918250598936,18.0,4,10,33.9,45,108.34,8.75,629,6290,18626,27.0,10083709,694828,21.1056,20.8206,0.007181,0.284932,0.0135,40,6.6576733953152365,54741814
2023-12-16,2023,12,5,13959.745225428242,3410.337260416836,125,3099.9901739497027,168,195,107.6838692003581,19.0,4,5,40.1,52,109.03,6.61,581,2440,13630,24.3,9091500,535404,17.7797,17.4948,0.006239,0.284932,0.016026,40,9.539499000575944,38845500
2023-12-17,2023,12,6,11016.278412862272,3017.6018212303,127,2148.184413903119,177,75,61.752709353482686,16.0,2,20,37.6,59,80.67,6.57,562,2360,7503,22.0,4971846,693702,15.3754,15.0905,0.007246,0.284932,0.018532,40,11.407142542174334,15921366
2023-12-18,2023,12,0,15373.379577821366,3968.506245211394,162,2140.2739904910454,224,128,51.06021448487584,15.0,3,25,35.4,47,85.35,9.1,568,5680,10544,23.0,6913232,661413,19.6554,19.3704,0.009769,0.284932,0.014496,40,12.919784826749313,21214528
2023-12-19,2023,12,1,15901.451150541994,4479.042548562936,172,2848.582320890216,255,156,90.447315932654,15.0,3,12,25.2,46,88.96,7.94,656,7216,14919,30.1,9014448,676013,22.396,22.1111,0.00799,0.284932,0.012722,40,13.598224706379076,41817957
2023-12-20,2023,12,2,16965.151899033797,4297.805391266251,175,2713.365429531444,205,111,121.32934847498326,20.0,4,21,23.4,48,85.43,7.29,607,4856,12792,25.2,8174580,731924,18.9218,18.6369,0.007692,0.284932,0.015058,40,10.951238124113402,31468320
2023-12-21,2023,12,3,15773.372851354712,4328.588455815204,177,2383.581493490886,185,130,98.19998662322,18.0,5,6,25.4,50,90.94,7.52,596,5960,7834,30.8,6113232,692565,20.4262,20.1413,0.009563,0.284932,0.013949,40,7.716357491089747,16733424
2023-12-22,2023,12,4,16382.685484643462,4164.384908946743,200,2915.392923694652,234,174,97.1463804872488,15.0,4,25,36.9,49,83.9,9.45,621,4347,18186,28.8,9268624,610994,22.3423,22.0574,0.007675,0.284932,0.012753,40,6.637032514210064,52939446
2023-12-23,2023,12,5,10813.610370174116,2973.5743518723857,105,2068.974842758784,162,106,54.12421849270263,18.0,0,21,36.7,64,95.28,7.5,575,3450,10795,26.4,7038324,565083,14.6582,14.3733,0.007235,0.284932,0.019438,40,8.200471225067636,21870670
2023-12-24,2023,12,6,12353.740989816732,3073.135991314304,148,2966.204535589315,154,192,143.73678366291833,17.0,2,6,38.5,61,93.52,7.21,555,2664,14655,28.1,8714076,465716,15.0178,14.7328,0.005513,0.284932,0.018973,40,8.568052561061053,39920220
2023-12-25,2023,12,0,16621.724103493343,3879.7594034486046,163,2575.09558390127,194,182,122.0375844222426,16.0,2,0,19.8,56,101.81,8.23,646,5814,13689,22.0,6837453,902013,20.1648,19.8799,0.008031,0.284932,0.01413,40,5.436954981604548,34373079
2023-12-26,2023,12,1,13409.17765790907,3129.667749507764,133,1755.3076298216758,209,59,61.35257710869602,19.0,1,7,20.0,59,82.33,7.19,567,3402,6330,22.8,4750032,471539,16.5956,16.3107,0.009832,0.284932,0.017169,40,11.924446206111575,10685040
2023-12-27,2023,12,2,15406.89304591365,4013.95465588058,172,2342.103668214143,248,151,83.36958421623191,20.0,5,20,29.2,49,91.92,7.02,559,6149,12215,26.3,7629728,662940,22.4199,22.135,0.00928,0.284932,0.012709,40,11.827636384465672,29511440
2023-12-28,2023,12,3,13735.96311152407,3985.783330896872,158,2234.2621898179564,234,121,94.98711712719592,17.0,2,28,24.2,63,85.68,6.97,605,4840,10902,28.5,6028904,663814,19.9459,19.661,0.009217,0.284932,0.014285,40,8.707143344775794,23591928
2023-12-29,2023,12,4,16538.836244053662,4553.224553456415,150,2617.124660455529,195,127,101.0039534481122,20.0,5,12,22.6,57,107.86,8.18,548,4932,9632,31.9,6315056,839311,22.0002,21.7153,0.009434,0.284932,0.012951,40,10.270813601631192,22461824
2023-12-30,2023,12,5,11671.83149622305,3271.884703456491,126,2861.429631338756,155,213,134.0669827270606,14.0,5,1,28.6,45,93.09,8.32,630,2268,16851,31.7,7879300,715900,15.5746,15.2896,0.005446,0.284932,0.018295,40,8.676866647020484,48193860
2023-12-31,2023,12,6,12325.20702135543,2813.1234186304578,132,3014.0679203670225,165,201,96.61751099656352,14.0,5,21,30.0,63,84.25,7.47,577,3115,16791,31.4,10424570,625174,14.7258,14.4408,0.004866,0.284932,0.019349,40,5.424228766928473,50809566
